"hrsrelax","mntlhlth","hrs1","degree","grass"
2,3,55,"BACHELOR",NA
4,6,45,"BACHELOR","LEGAL"
NA,NA,NA,"LT HIGH SCHOOL",NA
NA,NA,NA,"LT HIGH SCHOOL","NOT LEGAL"
NA,NA,NA,"LT HIGH SCHOOL","NOT LEGAL"
NA,NA,NA,"LT HIGH SCHOOL","LEGAL"
3,0,45,"JUNIOR COLLEGE",NA
NA,NA,NA,"JUNIOR COLLEGE",NA
0,0,40,"HIGH SCHOOL","NOT LEGAL"
5,10,48,"HIGH SCHOOL",NA
5,0,26,"JUNIOR COLLEGE",NA
NA,NA,NA,"HIGH SCHOOL",NA
3,0,40,"HIGH SCHOOL",NA
NA,NA,NA,"HIGH SCHOOL",NA
NA,NA,NA,"LT HIGH SCHOOL","LEGAL"
NA,NA,NA,"LT HIGH SCHOOL",NA
NA,NA,NA,"JUNIOR COLLEGE",NA
NA,NA,NA,"LT HIGH SCHOOL","NOT LEGAL"
NA,NA,NA,"HIGH SCHOOL","NOT LEGAL"
2,5,50,"BACHELOR","NOT LEGAL"
5,0,40,"HIGH SCHOOL","NOT LEGAL"
10,0,25,"HIGH SCHOOL",NA
NA,NA,NA,"LT HIGH SCHOOL",NA
NA,NA,NA,"LT HIGH SCHOOL","NOT LEGAL"
0,0,20,"GRADUATE",NA
2,15,89,"BACHELOR","NOT LEGAL"
NA,NA,NA,"HIGH SCHOOL",NA
3,30,25,"JUNIOR COLLEGE","LEGAL"
1,10,40,"BACHELOR",NA
4,0,20,"BACHELOR","LEGAL"
6,0,20,"GRADUATE","LEGAL"
NA,NA,NA,"GRADUATE","LEGAL"
NA,NA,NA,"JUNIOR COLLEGE",NA
NA,NA,NA,"BACHELOR",NA
6,0,60,"HIGH SCHOOL",NA
5,0,40,"GRADUATE","LEGAL"
NA,0,3,"BACHELOR","LEGAL"
4,0,40,"GRADUATE",NA
NA,NA,NA,"HIGH SCHOOL","LEGAL"
NA,NA,NA,"GRADUATE",NA
3,5,40,"BACHELOR","LEGAL"
3,5,35,"GRADUATE","LEGAL"
4,0,24,"HIGH SCHOOL",NA
3,0,60,"GRADUATE","LEGAL"
NA,NA,34,"GRADUATE",NA
NA,NA,NA,"HIGH SCHOOL",NA
2,10,40,"HIGH SCHOOL","LEGAL"
NA,NA,NA,"HIGH SCHOOL","NOT LEGAL"
5,0,50,"HIGH SCHOOL","LEGAL"
2,0,50,"HIGH SCHOOL",NA
0,0,32,"BACHELOR","LEGAL"
NA,NA,NA,"HIGH SCHOOL","LEGAL"
2,NA,40,"BACHELOR","LEGAL"
NA,NA,NA,"BACHELOR",NA
NA,NA,NA,"GRADUATE","NOT LEGAL"
NA,NA,NA,"BACHELOR","LEGAL"
2,15,46,"LT HIGH SCHOOL","NOT LEGAL"
2,0,36,"BACHELOR","NOT LEGAL"
4,0,30,"HIGH SCHOOL","NOT LEGAL"
6,5,40,"BACHELOR",NA
3,0,40,"BACHELOR","NOT LEGAL"
3,0,36,"JUNIOR COLLEGE","NOT LEGAL"
NA,NA,NA,"LT HIGH SCHOOL","NOT LEGAL"
NA,NA,NA,"HIGH SCHOOL","NOT LEGAL"
4,1,40,"BACHELOR",NA
3,0,40,"BACHELOR","NOT LEGAL"
NA,NA,NA,"HIGH SCHOOL","LEGAL"
NA,NA,NA,"HIGH SCHOOL","NOT LEGAL"
NA,NA,NA,"HIGH SCHOOL","NOT LEGAL"
NA,NA,NA,"HIGH SCHOOL","LEGAL"
2,0,48,"HIGH SCHOOL","LEGAL"
6,3,35,"GRADUATE","LEGAL"
NA,NA,NA,"LT HIGH SCHOOL","NOT LEGAL"
3,0,50,"JUNIOR COLLEGE",NA
5,0,20,"JUNIOR COLLEGE","LEGAL"
2,20,50,"BACHELOR",NA
NA,NA,NA,"HIGH SCHOOL",NA
1,4,68,"HIGH SCHOOL",NA
8,30,50,"JUNIOR COLLEGE","LEGAL"
NA,NA,NA,"HIGH SCHOOL","NOT LEGAL"
2,3,40,"GRADUATE",NA
8,0,35,"HIGH SCHOOL","NOT LEGAL"
1,0,20,"JUNIOR COLLEGE","LEGAL"
3,3,9,"HIGH SCHOOL",NA
NA,NA,NA,"HIGH SCHOOL",NA
4,0,40,"BACHELOR","NOT LEGAL"
4,0,52,"BACHELOR",NA
2,15,35,"HIGH SCHOOL","NOT LEGAL"
2,5,40,"HIGH SCHOOL",NA
NA,NA,NA,"LT HIGH SCHOOL","LEGAL"
2,0,30,"LT HIGH SCHOOL","NOT LEGAL"
2,0,41,"BACHELOR",NA
0,0,40,"BACHELOR",NA
4,0,35,"LT HIGH SCHOOL","NOT LEGAL"
1,4,38,"JUNIOR COLLEGE",NA
NA,NA,NA,"LT HIGH SCHOOL","NOT LEGAL"
2,NA,70,"BACHELOR","NOT LEGAL"
2,0,35,"HIGH SCHOOL",NA
NA,0,48,"HIGH SCHOOL",NA
4,0,9,"GRADUATE","NOT LEGAL"
NA,NA,NA,"BACHELOR","NOT LEGAL"
2,0,32,"HIGH SCHOOL",NA
2,NA,35,"HIGH SCHOOL","NOT LEGAL"
3,0,50,"HIGH SCHOOL",NA
2,0,65,"BACHELOR","NOT LEGAL"
NA,NA,NA,"HIGH SCHOOL",NA
8,30,7,"GRADUATE",NA
4,0,24,"BACHELOR",NA
3,0,60,"BACHELOR",NA
2,3,40,"GRADUATE",NA
NA,NA,NA,"LT HIGH SCHOOL","LEGAL"
NA,NA,NA,"BACHELOR","NOT LEGAL"
4,30,40,"GRADUATE",NA
2,0,30,"HIGH SCHOOL",NA
3,1,50,"GRADUATE","NOT LEGAL"
NA,NA,NA,"BACHELOR",NA
4,0,40,"BACHELOR","NOT LEGAL"
4,0,24,"HIGH SCHOOL","LEGAL"
3,NA,45,"GRADUATE","NOT LEGAL"
2,0,12,"HIGH SCHOOL",NA
NA,NA,NA,"LT HIGH SCHOOL","LEGAL"
5,4,30,"HIGH SCHOOL","NOT LEGAL"
1,0,30,"LT HIGH SCHOOL","NOT LEGAL"
NA,NA,NA,"JUNIOR COLLEGE",NA
5,1,40,"HIGH SCHOOL","LEGAL"
18,0,15,"HIGH SCHOOL",NA
4,0,40,"HIGH SCHOOL","LEGAL"
NA,NA,NA,"BACHELOR","LEGAL"
2,0,89,"BACHELOR",NA
3,0,30,"LT HIGH SCHOOL","NOT LEGAL"
NA,NA,NA,"BACHELOR","NOT LEGAL"
2,20,40,"LT HIGH SCHOOL",NA
8,0,40,"LT HIGH SCHOOL","NOT LEGAL"
4,2,50,"GRADUATE","LEGAL"
1,2,50,"LT HIGH SCHOOL","LEGAL"
14,0,32,"LT HIGH SCHOOL",NA
6,1,40,"HIGH SCHOOL","LEGAL"
2,1,24,"HIGH SCHOOL",NA
2,0,60,"HIGH SCHOOL","NOT LEGAL"
3,0,24,"GRADUATE",NA
2,2,50,"HIGH SCHOOL",NA
NA,NA,NA,"HIGH SCHOOL",NA
12,0,20,"HIGH SCHOOL","LEGAL"
2,0,45,"BACHELOR",NA
1,3,40,"GRADUATE","LEGAL"
NA,NA,NA,"HIGH SCHOOL","NOT LEGAL"
NA,NA,NA,"LT HIGH SCHOOL","NOT LEGAL"
4,0,28,"LT HIGH SCHOOL","NOT LEGAL"
2,2,38,"LT HIGH SCHOOL",NA
NA,NA,9,"HIGH SCHOOL","LEGAL"
3,0,25,"GRADUATE",NA
2,0,40,"BACHELOR","LEGAL"
5,0,62,"HIGH SCHOOL",NA
4,0,47,"LT HIGH SCHOOL",NA
1,0,40,"LT HIGH SCHOOL",NA
2,0,40,"HIGH SCHOOL","LEGAL"
2,14,40,"HIGH SCHOOL",NA
0,0,37,"HIGH SCHOOL",NA
NA,NA,NA,"LT HIGH SCHOOL","NOT LEGAL"
4,0,47,"BACHELOR",NA
5,15,29,"HIGH SCHOOL","NOT LEGAL"
4,0,40,"HIGH SCHOOL","LEGAL"
2,5,25,"GRADUATE","LEGAL"
8,0,55,"BACHELOR","NOT LEGAL"
4,1,30,"HIGH SCHOOL","NOT LEGAL"
4,30,25,"HIGH SCHOOL","LEGAL"
NA,NA,NA,"JUNIOR COLLEGE","NOT LEGAL"
NA,NA,NA,"HIGH SCHOOL",NA
NA,NA,NA,"BACHELOR",NA
1,0,60,"HIGH SCHOOL","LEGAL"
4,0,44,"GRADUATE","NOT LEGAL"
6,0,38,"HIGH SCHOOL","LEGAL"
5,0,50,"HIGH SCHOOL","LEGAL"
4,0,60,"GRADUATE",NA
1,14,75,"HIGH SCHOOL","NOT LEGAL"
NA,NA,NA,"JUNIOR COLLEGE",NA
2,0,27,"HIGH SCHOOL","NOT LEGAL"
1,0,40,"LT HIGH SCHOOL","LEGAL"
5,0,50,"BACHELOR",NA
NA,NA,NA,"BACHELOR","LEGAL"
8,3,45,"GRADUATE",NA
5,4,30,"JUNIOR COLLEGE","NOT LEGAL"
3,5,NA,"GRADUATE","LEGAL"
8,29,45,"HIGH SCHOOL","LEGAL"
1,2,52,"HIGH SCHOOL","LEGAL"
4,0,72,"BACHELOR",NA
5,0,40,"BACHELOR","NOT LEGAL"
4,2,50,"BACHELOR","LEGAL"
1,3,45,"BACHELOR","LEGAL"
2,4,52,"JUNIOR COLLEGE","NOT LEGAL"
3,10,70,"BACHELOR","LEGAL"
4,0,40,"HIGH SCHOOL",NA
6,0,20,"GRADUATE","LEGAL"
5,0,40,"GRADUATE","LEGAL"
3,0,60,"BACHELOR","NOT LEGAL"
NA,NA,NA,"GRADUATE",NA
NA,NA,NA,"GRADUATE","NOT LEGAL"
8,0,50,"HIGH SCHOOL","LEGAL"
2,0,40,"BACHELOR","NOT LEGAL"
NA,NA,NA,"HIGH SCHOOL",NA
4,0,9,"GRADUATE","LEGAL"
NA,NA,NA,"GRADUATE",NA
NA,NA,NA,"LT HIGH SCHOOL","NOT LEGAL"
0,0,40,"HIGH SCHOOL",NA
7,1,40,"HIGH SCHOOL",NA
NA,NA,NA,"HIGH SCHOOL",NA
4,0,30,"HIGH SCHOOL","LEGAL"
2,14,25,"BACHELOR","LEGAL"
3,0,40,"BACHELOR",NA
NA,NA,NA,"BACHELOR",NA
NA,NA,NA,"LT HIGH SCHOOL","NOT LEGAL"
5,0,25,"LT HIGH SCHOOL","NOT LEGAL"
NA,NA,NA,"HIGH SCHOOL",NA
NA,NA,NA,"LT HIGH SCHOOL","NOT LEGAL"
5,0,37,"GRADUATE","LEGAL"
NA,NA,NA,"HIGH SCHOOL",NA
NA,NA,NA,"GRADUATE","NOT LEGAL"
5,2,45,"BACHELOR","NOT LEGAL"
NA,NA,NA,"HIGH SCHOOL","LEGAL"
1,0,64,"GRADUATE",NA
3,4,33,"BACHELOR",NA
0,7,30,"BACHELOR","LEGAL"
NA,NA,NA,"BACHELOR",NA
0,5,40,"HIGH SCHOOL",NA
NA,NA,NA,"HIGH SCHOOL",NA
NA,NA,NA,"BACHELOR",NA
NA,NA,NA,"BACHELOR","LEGAL"
7,0,9,"BACHELOR","LEGAL"
3,0,72,"GRADUATE",NA
4,0,16,"BACHELOR","LEGAL"
3,0,60,"HIGH SCHOOL",NA
NA,NA,NA,"HIGH SCHOOL","NOT LEGAL"
NA,NA,NA,"HIGH SCHOOL","NOT LEGAL"
4,0,41,"BACHELOR","NOT LEGAL"
NA,NA,NA,"BACHELOR","NOT LEGAL"
NA,NA,NA,"HIGH SCHOOL","NOT LEGAL"
NA,NA,NA,"HIGH SCHOOL","NOT LEGAL"
1,0,37,"HIGH SCHOOL",NA
NA,NA,NA,"LT HIGH SCHOOL","NOT LEGAL"
2,5,50,"HIGH SCHOOL","LEGAL"
3,25,42,"HIGH SCHOOL","LEGAL"
2,0,30,"BACHELOR","LEGAL"
NA,NA,NA,"BACHELOR","LEGAL"
0,15,40,"JUNIOR COLLEGE","LEGAL"
4,0,20,"HIGH SCHOOL",NA
1,14,40,"BACHELOR","NOT LEGAL"
2,0,40,"HIGH SCHOOL","NOT LEGAL"
NA,NA,NA,"BACHELOR",NA
NA,NA,NA,"HIGH SCHOOL","NOT LEGAL"
NA,NA,NA,"HIGH SCHOOL","NOT LEGAL"
NA,NA,NA,"HIGH SCHOOL","LEGAL"
NA,NA,NA,"HIGH SCHOOL",NA
1,3,40,"BACHELOR","LEGAL"
NA,NA,NA,"HIGH SCHOOL","LEGAL"
NA,NA,NA,"HIGH SCHOOL",NA
NA,NA,NA,"BACHELOR","NOT LEGAL"
NA,NA,NA,"GRADUATE","NOT LEGAL"
3,0,54,"JUNIOR COLLEGE","NOT LEGAL"
2,2,35,"GRADUATE","LEGAL"
8,10,10,"HIGH SCHOOL","NOT LEGAL"
NA,NA,NA,"LT HIGH SCHOOL","LEGAL"
2,0,40,"HIGH SCHOOL","LEGAL"
1,2,38,"HIGH SCHOOL","NOT LEGAL"
3,0,60,"HIGH SCHOOL",NA
6,0,8,"GRADUATE","LEGAL"
3,15,38,"HIGH SCHOOL","NOT LEGAL"
6,0,6,"BACHELOR",NA
NA,NA,NA,"BACHELOR","LEGAL"
5,0,50,"GRADUATE","LEGAL"
5,0,45,"GRADUATE",NA
5,5,48,"BACHELOR","LEGAL"
NA,NA,NA,"BACHELOR",NA
4,0,46,"BACHELOR","NOT LEGAL"
3,3,45,"BACHELOR","LEGAL"
NA,NA,NA,"HIGH SCHOOL","NOT LEGAL"
3,0,40,"LT HIGH SCHOOL",NA
7,9,16,"HIGH SCHOOL",NA
8,0,40,"BACHELOR","LEGAL"
NA,NA,NA,"BACHELOR","LEGAL"
NA,NA,NA,"BACHELOR","LEGAL"
NA,NA,NA,"BACHELOR","NOT LEGAL"
6,0,32,"BACHELOR","LEGAL"
4,5,52,"BACHELOR",NA
3,2,34,"JUNIOR COLLEGE","NOT LEGAL"
5,0,15,"HIGH SCHOOL",NA
3,0,50,"HIGH SCHOOL","NOT LEGAL"
3,15,20,"HIGH SCHOOL",NA
1,7,30,"HIGH SCHOOL",NA
5,15,3,"BACHELOR","LEGAL"
NA,NA,NA,"HIGH SCHOOL","LEGAL"
NA,NA,NA,"BACHELOR",NA
4,1,60,"GRADUATE","LEGAL"
3,0,40,"BACHELOR",NA
NA,NA,NA,"GRADUATE","LEGAL"
NA,NA,NA,"HIGH SCHOOL","LEGAL"
NA,NA,NA,"HIGH SCHOOL","LEGAL"
1,15,40,"HIGH SCHOOL","NOT LEGAL"
NA,NA,NA,"HIGH SCHOOL",NA
2,15,22,"HIGH SCHOOL","LEGAL"
5,0,45,"HIGH SCHOOL",NA
2,0,50,"HIGH SCHOOL",NA
NA,NA,NA,"GRADUATE",NA
5,0,32,"HIGH SCHOOL","LEGAL"
NA,NA,NA,"HIGH SCHOOL","LEGAL"
4,5,40,"HIGH SCHOOL",NA
2,0,25,"LT HIGH SCHOOL",NA
2,25,30,"HIGH SCHOOL",NA
NA,NA,NA,"HIGH SCHOOL","LEGAL"
NA,NA,NA,"HIGH SCHOOL",NA
NA,NA,NA,"GRADUATE","LEGAL"
3,2,40,"BACHELOR","LEGAL"
NA,NA,NA,"JUNIOR COLLEGE","LEGAL"
3,0,42,"BACHELOR",NA
2,0,48,"LT HIGH SCHOOL","NOT LEGAL"
6,0,20,"LT HIGH SCHOOL","LEGAL"
NA,NA,NA,"BACHELOR",NA
NA,NA,NA,"GRADUATE","NOT LEGAL"
NA,NA,NA,"LT HIGH SCHOOL","NOT LEGAL"
NA,NA,NA,"HIGH SCHOOL","NOT LEGAL"
7,0,35,"GRADUATE",NA
2,4,40,"HIGH SCHOOL","LEGAL"
NA,NA,NA,"HIGH SCHOOL","NOT LEGAL"
NA,NA,NA,"BACHELOR","NOT LEGAL"
4,30,40,"HIGH SCHOOL","LEGAL"
5,3,40,"BACHELOR",NA
4,0,37,"HIGH SCHOOL","LEGAL"
4,0,40,"HIGH SCHOOL",NA
3,0,40,"HIGH SCHOOL","NOT LEGAL"
5,0,44,"JUNIOR COLLEGE","LEGAL"
NA,NA,NA,"HIGH SCHOOL","NOT LEGAL"
NA,NA,NA,"HIGH SCHOOL",NA
4,1,9,"LT HIGH SCHOOL","NOT LEGAL"
1,0,40,"HIGH SCHOOL","NOT LEGAL"
NA,NA,NA,"LT HIGH SCHOOL",NA
NA,NA,NA,"HIGH SCHOOL","LEGAL"
NA,NA,NA,"HIGH SCHOOL","LEGAL"
NA,NA,NA,"HIGH SCHOOL",NA
2,0,40,"HIGH SCHOOL","NOT LEGAL"
8,1,51,"HIGH SCHOOL",NA
8,0,20,"HIGH SCHOOL","NOT LEGAL"
NA,NA,NA,"BACHELOR","NOT LEGAL"
1,15,50,"HIGH SCHOOL",NA
NA,NA,NA,"HIGH SCHOOL","LEGAL"
4,0,50,"BACHELOR","NOT LEGAL"
NA,NA,NA,"HIGH SCHOOL",NA
12,2,40,"GRADUATE","LEGAL"
3,0,42,"LT HIGH SCHOOL","LEGAL"
NA,NA,NA,"HIGH SCHOOL",NA
1,21,40,"LT HIGH SCHOOL",NA
7,0,20,"GRADUATE","LEGAL"
8,30,11,"HIGH SCHOOL",NA
NA,NA,48,"BACHELOR",NA
2,6,60,"HIGH SCHOOL","NOT LEGAL"
NA,NA,NA,"GRADUATE","LEGAL"
2,15,50,"JUNIOR COLLEGE","LEGAL"
NA,NA,NA,"HIGH SCHOOL","LEGAL"
NA,NA,NA,"GRADUATE","LEGAL"
3,0,50,"BACHELOR",NA
NA,NA,NA,"LT HIGH SCHOOL","LEGAL"
8,0,35,"GRADUATE",NA
2,0,55,"HIGH SCHOOL","LEGAL"
NA,NA,NA,"LT HIGH SCHOOL","NOT LEGAL"
3,10,70,"HIGH SCHOOL",NA
1,5,52,"BACHELOR","LEGAL"
NA,NA,NA,"HIGH SCHOOL",NA
NA,NA,NA,"HIGH SCHOOL","LEGAL"
6,0,40,"HIGH SCHOOL","NOT LEGAL"
NA,NA,NA,"BACHELOR",NA
NA,NA,NA,"JUNIOR COLLEGE",NA
3,14,40,"HIGH SCHOOL","NOT LEGAL"
NA,NA,NA,"HIGH SCHOOL","NOT LEGAL"
NA,NA,NA,"JUNIOR COLLEGE","NOT LEGAL"
NA,NA,NA,"HIGH SCHOOL","LEGAL"
4,0,40,"HIGH SCHOOL",NA
4,0,40,"HIGH SCHOOL","NOT LEGAL"
NA,NA,5,"LT HIGH SCHOOL","NOT LEGAL"
6,0,40,"LT HIGH SCHOOL","NOT LEGAL"
2,0,40,"HIGH SCHOOL",NA
3,3,30,"HIGH SCHOOL","NOT LEGAL"
NA,NA,NA,"LT HIGH SCHOOL",NA
NA,NA,NA,"HIGH SCHOOL","NOT LEGAL"
NA,NA,NA,"HIGH SCHOOL","LEGAL"
1,30,60,"HIGH SCHOOL","NOT LEGAL"
4,0,40,"BACHELOR","NOT LEGAL"
0,30,40,"HIGH SCHOOL","NOT LEGAL"
NA,NA,NA,"HIGH SCHOOL",NA
4,0,45,"HIGH SCHOOL","NOT LEGAL"
0,30,46,"HIGH SCHOOL",NA
NA,NA,NA,"GRADUATE","NOT LEGAL"
5,0,38,"HIGH SCHOOL",NA
3,10,9,"LT HIGH SCHOOL","NOT LEGAL"
2,5,40,"HIGH SCHOOL",NA
NA,NA,NA,"HIGH SCHOOL",NA
2,0,40,"HIGH SCHOOL","LEGAL"
NA,NA,NA,"HIGH SCHOOL","NOT LEGAL"
2,0,45,"BACHELOR",NA
3,2,42,"HIGH SCHOOL","NOT LEGAL"
3,6,27,"JUNIOR COLLEGE",NA
2,30,40,"HIGH SCHOOL","NOT LEGAL"
3,0,20,"JUNIOR COLLEGE",NA
NA,NA,NA,"HIGH SCHOOL",NA
NA,NA,NA,"HIGH SCHOOL","LEGAL"
NA,NA,NA,"HIGH SCHOOL","NOT LEGAL"
NA,NA,NA,"HIGH SCHOOL",NA
NA,NA,NA,"HIGH SCHOOL","LEGAL"
NA,NA,NA,"HIGH SCHOOL",NA
NA,NA,NA,"HIGH SCHOOL","LEGAL"
NA,NA,NA,"LT HIGH SCHOOL","LEGAL"
7,0,45,"HIGH SCHOOL","LEGAL"
NA,NA,NA,"HIGH SCHOOL","NOT LEGAL"
NA,NA,NA,"BACHELOR","NOT LEGAL"
NA,NA,NA,"JUNIOR COLLEGE","LEGAL"
NA,NA,NA,"HIGH SCHOOL",NA
3,0,65,"BACHELOR","LEGAL"
4,10,40,"BACHELOR",NA
2,30,60,"LT HIGH SCHOOL","LEGAL"
4,30,30,"LT HIGH SCHOOL",NA
8,20,38,"HIGH SCHOOL",NA
1,0,40,"HIGH SCHOOL",NA
5,7,67,"HIGH SCHOOL","NOT LEGAL"
NA,NA,NA,"HIGH SCHOOL","LEGAL"
NA,NA,NA,"BACHELOR","LEGAL"
2,2,32,"LT HIGH SCHOOL",NA
NA,NA,NA,"HIGH SCHOOL","LEGAL"
4,0,39,"HIGH SCHOOL",NA
4,0,8,"HIGH SCHOOL",NA
NA,NA,NA,"HIGH SCHOOL","NOT LEGAL"
5,1,40,"BACHELOR","NOT LEGAL"
5,0,40,"HIGH SCHOOL",NA
NA,NA,NA,"HIGH SCHOOL","LEGAL"
NA,NA,NA,"BACHELOR","NOT LEGAL"
5,0,40,"HIGH SCHOOL","NOT LEGAL"
NA,NA,NA,"HIGH SCHOOL","LEGAL"
NA,NA,NA,"LT HIGH SCHOOL","NOT LEGAL"
2,0,50,"HIGH SCHOOL",NA
NA,NA,NA,"HIGH SCHOOL",NA
4,NA,65,"HIGH SCHOOL","NOT LEGAL"
5,0,40,"LT HIGH SCHOOL","LEGAL"
NA,NA,NA,"HIGH SCHOOL",NA
NA,NA,NA,"HIGH SCHOOL","LEGAL"
5,7,40,"HIGH SCHOOL",NA
NA,NA,NA,"HIGH SCHOOL","LEGAL"
NA,NA,NA,"HIGH SCHOOL","NOT LEGAL"
1,7,9,"HIGH SCHOOL","LEGAL"
NA,NA,NA,"BACHELOR","LEGAL"
3,7,36,"HIGH SCHOOL","LEGAL"
NA,NA,NA,"BACHELOR","LEGAL"
3,0,44,"GRADUATE",NA
4,0,30,"BACHELOR","LEGAL"
8,0,9,"LT HIGH SCHOOL","NOT LEGAL"
1,0,40,"HIGH SCHOOL",NA
2,0,40,"HIGH SCHOOL",NA
5,0,21,"BACHELOR",NA
1,0,58,"LT HIGH SCHOOL","NOT LEGAL"
NA,NA,NA,"HIGH SCHOOL","LEGAL"
NA,NA,NA,"LT HIGH SCHOOL","NOT LEGAL"
2,0,30,"LT HIGH SCHOOL","NOT LEGAL"
3,5,40,"BACHELOR","LEGAL"
3,1,40,"HIGH SCHOOL",NA
NA,NA,NA,"BACHELOR","NOT LEGAL"
6,3,38,"GRADUATE","NOT LEGAL"
3,1,40,"BACHELOR",NA
2,0,50,"GRADUATE","NOT LEGAL"
1,0,40,"GRADUATE",NA
1,3,40,"GRADUATE","NOT LEGAL"
2,1,10,"BACHELOR","NOT LEGAL"
10,30,9,"HIGH SCHOOL",NA
NA,NA,NA,"HIGH SCHOOL","LEGAL"
4,1,50,"HIGH SCHOOL",NA
5,2,55,"GRADUATE","LEGAL"
NA,NA,NA,"BACHELOR",NA
6,0,40,"HIGH SCHOOL","LEGAL"
14,0,36,"HIGH SCHOOL",NA
NA,NA,NA,"HIGH SCHOOL","LEGAL"
2,0,50,"GRADUATE","NOT LEGAL"
4,10,45,"HIGH SCHOOL","LEGAL"
NA,NA,NA,"LT HIGH SCHOOL","LEGAL"
0,20,22,"HIGH SCHOOL",NA
5,3,40,"GRADUATE","LEGAL"
5,2,32,"BACHELOR",NA
NA,NA,50,"HIGH SCHOOL","LEGAL"
2,NA,25,"HIGH SCHOOL","NOT LEGAL"
NA,NA,NA,"LT HIGH SCHOOL",NA
3,1,48,"HIGH SCHOOL",NA
1,10,89,"HIGH SCHOOL","LEGAL"
5,0,25,"HIGH SCHOOL","NOT LEGAL"
NA,NA,NA,"HIGH SCHOOL",NA
NA,NA,NA,"LT HIGH SCHOOL","NOT LEGAL"
NA,NA,NA,"HIGH SCHOOL","NOT LEGAL"
2,0,55,"JUNIOR COLLEGE",NA
1,3,43,"HIGH SCHOOL","LEGAL"
NA,NA,NA,"LT HIGH SCHOOL","NOT LEGAL"
NA,NA,NA,"HIGH SCHOOL","LEGAL"
NA,NA,NA,"HIGH SCHOOL","LEGAL"
1,0,40,"HIGH SCHOOL",NA
NA,NA,NA,"HIGH SCHOOL","NOT LEGAL"
5,0,60,"HIGH SCHOOL","NOT LEGAL"
2,2,40,"BACHELOR","NOT LEGAL"
NA,NA,NA,"BACHELOR","NOT LEGAL"
5,0,60,"BACHELOR","LEGAL"
NA,NA,NA,"HIGH SCHOOL","LEGAL"
3,5,55,"GRADUATE","LEGAL"
0,5,40,"HIGH SCHOOL","LEGAL"
NA,NA,NA,"BACHELOR",NA
NA,NA,NA,"JUNIOR COLLEGE","LEGAL"
5,0,54,"GRADUATE","NOT LEGAL"
NA,NA,NA,"LT HIGH SCHOOL",NA
5,30,20,"LT HIGH SCHOOL","NOT LEGAL"
NA,NA,NA,"LT HIGH SCHOOL",NA
4,0,50,"HIGH SCHOOL",NA
NA,NA,NA,"BACHELOR","NOT LEGAL"
3,0,58,"JUNIOR COLLEGE",NA
NA,NA,NA,"HIGH SCHOOL",NA
NA,NA,NA,"HIGH SCHOOL",NA
0,0,42,"HIGH SCHOOL","LEGAL"
NA,NA,NA,"GRADUATE","LEGAL"
5,0,40,"BACHELOR",NA
3,0,50,"BACHELOR",NA
NA,NA,NA,"HIGH SCHOOL","LEGAL"
NA,NA,NA,"HIGH SCHOOL","NOT LEGAL"
NA,NA,NA,"GRADUATE","NOT LEGAL"
3,0,32,"BACHELOR",NA
5,0,70,"LT HIGH SCHOOL","NOT LEGAL"
1,2,40,"HIGH SCHOOL","LEGAL"
6,5,15,"HIGH SCHOOL","NOT LEGAL"
1,0,40,"GRADUATE","LEGAL"
NA,NA,NA,"HIGH SCHOOL",NA
NA,NA,NA,"HIGH SCHOOL",NA
0,0,45,"BACHELOR","NOT LEGAL"
NA,NA,NA,"GRADUATE","LEGAL"
4,0,40,"HIGH SCHOOL","LEGAL"
NA,NA,NA,"JUNIOR COLLEGE","NOT LEGAL"
NA,NA,NA,"BACHELOR",NA
3,2,9,"HIGH SCHOOL","NOT LEGAL"
2,3,30,"HIGH SCHOOL","LEGAL"
NA,NA,NA,"HIGH SCHOOL","LEGAL"
2,2,40,"GRADUATE",NA
5,2,40,"BACHELOR","LEGAL"
4,5,40,"HIGH SCHOOL","LEGAL"
2,4,9,"JUNIOR COLLEGE","NOT LEGAL"
4,3,48,"HIGH SCHOOL","NOT LEGAL"
NA,NA,NA,"GRADUATE",NA
2,0,25,"GRADUATE",NA
3,3,30,"HIGH SCHOOL",NA
4,0,30,"GRADUATE","NOT LEGAL"
NA,NA,NA,"BACHELOR","NOT LEGAL"
NA,NA,NA,"BACHELOR",NA
3,1,10,"BACHELOR",NA
NA,NA,NA,"HIGH SCHOOL","NOT LEGAL"
1,0,40,"BACHELOR","LEGAL"
3,0,48,"BACHELOR",NA
NA,NA,NA,"LT HIGH SCHOOL","NOT LEGAL"
NA,NA,NA,"JUNIOR COLLEGE",NA
2,0,54,"HIGH SCHOOL","LEGAL"
2,5,50,"GRADUATE","NOT LEGAL"
5,0,45,"HIGH SCHOOL",NA
5,0,40,"BACHELOR","LEGAL"
0,0,42,"LT HIGH SCHOOL","NOT LEGAL"
NA,NA,NA,"HIGH SCHOOL",NA
3,2,42,"BACHELOR","NOT LEGAL"
6,0,40,"LT HIGH SCHOOL",NA
NA,NA,NA,"LT HIGH SCHOOL","NOT LEGAL"
NA,NA,NA,"HIGH SCHOOL","NOT LEGAL"
NA,NA,NA,"HIGH SCHOOL",NA
5,0,40,"LT HIGH SCHOOL","LEGAL"
NA,NA,NA,"HIGH SCHOOL",NA
3,0,40,"HIGH SCHOOL","LEGAL"
7,30,6,"LT HIGH SCHOOL","NOT LEGAL"
NA,NA,NA,"HIGH SCHOOL","NOT LEGAL"
NA,NA,NA,"HIGH SCHOOL","NOT LEGAL"
5,0,40,"HIGH SCHOOL",NA
NA,NA,NA,"HIGH SCHOOL","NOT LEGAL"
NA,NA,NA,"BACHELOR",NA
NA,NA,NA,"LT HIGH SCHOOL","LEGAL"
3,7,60,"HIGH SCHOOL","LEGAL"
NA,NA,NA,"HIGH SCHOOL",NA
14,15,4,"HIGH SCHOOL","NOT LEGAL"
4,0,30,"GRADUATE",NA
NA,NA,NA,"JUNIOR COLLEGE","NOT LEGAL"
5,0,18,"HIGH SCHOOL",NA
1,20,47,"HIGH SCHOOL","NOT LEGAL"
NA,NA,NA,"HIGH SCHOOL",NA
NA,NA,NA,"LT HIGH SCHOOL","LEGAL"
1,0,40,"HIGH SCHOOL",NA
NA,NA,NA,"HIGH SCHOOL","NOT LEGAL"
2,0,18,"BACHELOR","NOT LEGAL"
2,30,60,"HIGH SCHOOL","LEGAL"
4,5,45,"HIGH SCHOOL","LEGAL"
NA,NA,NA,"HIGH SCHOOL",NA
3,3,70,"JUNIOR COLLEGE",NA
NA,NA,NA,"HIGH SCHOOL","NOT LEGAL"
NA,NA,NA,"HIGH SCHOOL","LEGAL"
1,10,30,"HIGH SCHOOL","LEGAL"
NA,NA,NA,"HIGH SCHOOL",NA
NA,NA,NA,"HIGH SCHOOL","NOT LEGAL"
7,0,38,"HIGH SCHOOL",NA
6,4,42,"BACHELOR","LEGAL"
2,15,41,"HIGH SCHOOL",NA
5,5,38,"BACHELOR","NOT LEGAL"
6,0,40,"HIGH SCHOOL",NA
NA,NA,NA,"BACHELOR",NA
8,0,24,"HIGH SCHOOL","NOT LEGAL"
5,3,45,"BACHELOR","LEGAL"
NA,NA,NA,"HIGH SCHOOL",NA
NA,NA,NA,"BACHELOR",NA
4,2,40,"BACHELOR","NOT LEGAL"
NA,NA,NA,"GRADUATE","LEGAL"
4,2,52,"BACHELOR","LEGAL"
5,12,45,"LT HIGH SCHOOL",NA
8,0,72,"HIGH SCHOOL",NA
4,7,40,"HIGH SCHOOL","LEGAL"
2,2,60,"HIGH SCHOOL",NA
NA,NA,NA,"GRADUATE","NOT LEGAL"
NA,NA,NA,"HIGH SCHOOL",NA
2,0,55,"BACHELOR","LEGAL"
NA,NA,NA,"HIGH SCHOOL","LEGAL"
2,5,85,"HIGH SCHOOL","NOT LEGAL"
4,0,50,"HIGH SCHOOL","LEGAL"
4,0,40,"HIGH SCHOOL",NA
8,0,49,"BACHELOR","NOT LEGAL"
4,1,40,"BACHELOR",NA
3,15,50,"HIGH SCHOOL","LEGAL"
6,0,52,"JUNIOR COLLEGE","LEGAL"
3,0,42,"BACHELOR",NA
NA,NA,NA,"HIGH SCHOOL","NOT LEGAL"
NA,NA,NA,"LT HIGH SCHOOL",NA
NA,NA,NA,"HIGH SCHOOL",NA
NA,NA,NA,"HIGH SCHOOL","LEGAL"
2,1,45,"HIGH SCHOOL","LEGAL"
4,15,55,"GRADUATE","LEGAL"
8,30,64,"HIGH SCHOOL",NA
1,0,60,"BACHELOR","LEGAL"
2,0,24,"HIGH SCHOOL","NOT LEGAL"
NA,NA,NA,"HIGH SCHOOL","NOT LEGAL"
4,2,27,"HIGH SCHOOL","NOT LEGAL"
NA,NA,9,"JUNIOR COLLEGE",NA
1,10,55,"BACHELOR","LEGAL"
NA,NA,NA,"LT HIGH SCHOOL",NA
NA,NA,NA,"BACHELOR","LEGAL"
NA,NA,NA,"LT HIGH SCHOOL","NOT LEGAL"
NA,NA,NA,"HIGH SCHOOL","NOT LEGAL"
2,30,64,"HIGH SCHOOL",NA
NA,NA,NA,"LT HIGH SCHOOL",NA
8,15,14,"JUNIOR COLLEGE","NOT LEGAL"
NA,NA,NA,"HIGH SCHOOL",NA
NA,NA,NA,"HIGH SCHOOL","LEGAL"
NA,NA,NA,"HIGH SCHOOL",NA
2,30,40,"HIGH SCHOOL","LEGAL"
0,30,28,"LT HIGH SCHOOL",NA
1,0,40,"LT HIGH SCHOOL","NOT LEGAL"
NA,NA,NA,"HIGH SCHOOL",NA
2,1,9,"GRADUATE",NA
NA,NA,NA,"LT HIGH SCHOOL","NOT LEGAL"
3,30,37,"BACHELOR",NA
6,0,15,"HIGH SCHOOL",NA
3,0,45,"HIGH SCHOOL",NA
4,0,50,"HIGH SCHOOL","NOT LEGAL"
NA,NA,NA,"LT HIGH SCHOOL","LEGAL"
4,0,20,"JUNIOR COLLEGE",NA
NA,NA,NA,"BACHELOR","LEGAL"
2,1,50,"BACHELOR",NA
NA,NA,NA,"BACHELOR","NOT LEGAL"
NA,0,20,"HIGH SCHOOL","NOT LEGAL"
NA,NA,NA,"LT HIGH SCHOOL",NA
NA,NA,NA,"LT HIGH SCHOOL","LEGAL"
NA,NA,NA,"HIGH SCHOOL",NA
4,20,50,"HIGH SCHOOL","NOT LEGAL"
5,0,40,"HIGH SCHOOL","LEGAL"
NA,NA,NA,"HIGH SCHOOL","LEGAL"
2,0,36,"BACHELOR","LEGAL"
NA,NA,NA,"HIGH SCHOOL","NOT LEGAL"
NA,NA,NA,"HIGH SCHOOL",NA
3,0,40,"HIGH SCHOOL","LEGAL"
NA,NA,NA,"HIGH SCHOOL",NA
NA,NA,NA,"LT HIGH SCHOOL",NA
NA,NA,NA,"LT HIGH SCHOOL","NOT LEGAL"
4,1,40,"HIGH SCHOOL","LEGAL"
NA,NA,NA,"BACHELOR",NA
3,2,55,"BACHELOR","NOT LEGAL"
NA,NA,NA,"LT HIGH SCHOOL","LEGAL"
NA,NA,NA,"HIGH SCHOOL","LEGAL"
3,0,44,"HIGH SCHOOL",NA
5,2,35,"HIGH SCHOOL","LEGAL"
0,6,22,"HIGH SCHOOL",NA
0,30,40,"HIGH SCHOOL","NOT LEGAL"
NA,NA,NA,"HIGH SCHOOL","NOT LEGAL"
NA,NA,NA,"HIGH SCHOOL",NA
4,0,40,"HIGH SCHOOL",NA
NA,NA,NA,"HIGH SCHOOL","NOT LEGAL"
NA,NA,NA,"LT HIGH SCHOOL","LEGAL"
NA,NA,NA,"LT HIGH SCHOOL",NA
NA,NA,NA,"BACHELOR","NOT LEGAL"
0,0,89,"JUNIOR COLLEGE",NA
2,10,40,"LT HIGH SCHOOL",NA
3,1,50,"GRADUATE","NOT LEGAL"
4,5,40,"BACHELOR","NOT LEGAL"
3,10,40,"BACHELOR","LEGAL"
4,15,60,"BACHELOR","LEGAL"
2,0,25,"BACHELOR","LEGAL"
NA,NA,NA,"JUNIOR COLLEGE","LEGAL"
3,2,36,"HIGH SCHOOL","NOT LEGAL"
NA,NA,NA,"HIGH SCHOOL",NA
6,0,40,"GRADUATE","NOT LEGAL"
6,0,40,"GRADUATE",NA
4,4,9,"GRADUATE","LEGAL"
NA,NA,NA,"BACHELOR","LEGAL"
NA,NA,NA,"HIGH SCHOOL","NOT LEGAL"
3,0,60,"GRADUATE",NA
NA,NA,NA,"LT HIGH SCHOOL",NA
NA,NA,NA,"HIGH SCHOOL",NA
5,30,40,"HIGH SCHOOL","NOT LEGAL"
NA,NA,NA,"HIGH SCHOOL","LEGAL"
NA,NA,NA,"HIGH SCHOOL","LEGAL"
3,0,38,"BACHELOR",NA
NA,NA,NA,"LT HIGH SCHOOL","NOT LEGAL"
NA,NA,NA,"LT HIGH SCHOOL","NOT LEGAL"
NA,NA,NA,"LT HIGH SCHOOL",NA
2,12,40,"HIGH SCHOOL","LEGAL"
1,2,40,"BACHELOR","LEGAL"
5,0,45,"GRADUATE",NA
2,0,50,"BACHELOR",NA
0,NA,56,"JUNIOR COLLEGE","LEGAL"
NA,NA,NA,"BACHELOR",NA
2,20,50,"GRADUATE","LEGAL"
NA,NA,NA,"JUNIOR COLLEGE",NA
NA,NA,NA,"GRADUATE","NOT LEGAL"
NA,NA,NA,"HIGH SCHOOL","LEGAL"
NA,NA,NA,"HIGH SCHOOL","LEGAL"
NA,NA,NA,"HIGH SCHOOL","LEGAL"
NA,NA,NA,"HIGH SCHOOL","LEGAL"
NA,NA,NA,"GRADUATE","LEGAL"
4,15,30,"GRADUATE",NA
NA,NA,NA,"BACHELOR",NA
2,0,70,"GRADUATE","LEGAL"
3,1,50,"GRADUATE",NA
4,0,40,"HIGH SCHOOL",NA
NA,NA,9,"BACHELOR","NOT LEGAL"
2,10,40,"HIGH SCHOOL","NOT LEGAL"
4,0,40,"HIGH SCHOOL","LEGAL"
5,0,50,"BACHELOR","LEGAL"
NA,NA,NA,"HIGH SCHOOL",NA
3,0,60,"BACHELOR","NOT LEGAL"
6,10,50,"JUNIOR COLLEGE","LEGAL"
1,7,52,"JUNIOR COLLEGE","LEGAL"
NA,NA,NA,"LT HIGH SCHOOL",NA
NA,NA,NA,"HIGH SCHOOL",NA
6,0,38,"GRADUATE","LEGAL"
NA,NA,NA,"LT HIGH SCHOOL","NOT LEGAL"
3,7,55,"BACHELOR",NA
NA,NA,NA,"LT HIGH SCHOOL","LEGAL"
NA,NA,NA,"HIGH SCHOOL","LEGAL"
3,3,50,"JUNIOR COLLEGE",NA
1,0,60,"HIGH SCHOOL","NOT LEGAL"
3,1,20,"HIGH SCHOOL","LEGAL"
8,0,9,"HIGH SCHOOL","NOT LEGAL"
NA,NA,NA,"HIGH SCHOOL",NA
5,0,40,"HIGH SCHOOL",NA
4,0,60,"JUNIOR COLLEGE","LEGAL"
5,0,50,"BACHELOR",NA
4,0,52,"HIGH SCHOOL","LEGAL"
5,0,32,"BACHELOR","LEGAL"
5,4,40,"BACHELOR","LEGAL"
4,5,32,"HIGH SCHOOL","NOT LEGAL"
3,0,45,"JUNIOR COLLEGE",NA
NA,NA,NA,"GRADUATE",NA
NA,NA,NA,"HIGH SCHOOL","LEGAL"
NA,NA,NA,"BACHELOR","LEGAL"
3,0,50,"BACHELOR","LEGAL"
4,10,40,"JUNIOR COLLEGE","LEGAL"
1,1,40,"HIGH SCHOOL","NOT LEGAL"
6,0,30,"HIGH SCHOOL","LEGAL"
2,7,40,"HIGH SCHOOL",NA
4,0,50,"JUNIOR COLLEGE","LEGAL"
NA,NA,NA,"BACHELOR",NA
2,0,38,"HIGH SCHOOL",NA
NA,NA,NA,"BACHELOR",NA
3,5,40,"HIGH SCHOOL","LEGAL"
NA,NA,NA,"LT HIGH SCHOOL",NA
3,0,55,"HIGH SCHOOL","NOT LEGAL"
NA,NA,NA,"HIGH SCHOOL",NA
3,0,40,"HIGH SCHOOL","LEGAL"
NA,NA,NA,"HIGH SCHOOL","LEGAL"
1,2,9,"JUNIOR COLLEGE","NOT LEGAL"
NA,NA,NA,"HIGH SCHOOL","LEGAL"
2,0,30,"HIGH SCHOOL",NA
4,0,45,"LT HIGH SCHOOL","LEGAL"
NA,NA,NA,"HIGH SCHOOL","NOT LEGAL"
3,0,50,"BACHELOR","NOT LEGAL"
3,0,50,"GRADUATE","LEGAL"
NA,NA,NA,"GRADUATE",NA
5,0,40,"BACHELOR",NA
NA,NA,NA,"LT HIGH SCHOOL",NA
NA,NA,NA,"HIGH SCHOOL","LEGAL"
NA,NA,NA,"JUNIOR COLLEGE","LEGAL"
NA,NA,NA,"HIGH SCHOOL",NA
1,0,40,"GRADUATE","LEGAL"
2,0,40,"BACHELOR",NA
16,4,20,"BACHELOR","LEGAL"
4,0,40,"BACHELOR","LEGAL"
NA,NA,NA,"BACHELOR","NOT LEGAL"
0,0,50,"BACHELOR","NOT LEGAL"
4,10,32,"BACHELOR","NOT LEGAL"
NA,NA,NA,"LT HIGH SCHOOL","NOT LEGAL"
0,0,30,"HIGH SCHOOL",NA
NA,NA,NA,"HIGH SCHOOL","NOT LEGAL"
2,0,40,"HIGH SCHOOL",NA
2,1,50,"BACHELOR",NA
NA,NA,NA,"GRADUATE","NOT LEGAL"
2,2,26,"GRADUATE",NA
8,0,16,"HIGH SCHOOL","NOT LEGAL"
NA,NA,NA,"HIGH SCHOOL",NA
2,0,38,"GRADUATE","NOT LEGAL"
NA,NA,NA,"GRADUATE","NOT LEGAL"
NA,NA,NA,"GRADUATE","LEGAL"
3,0,32,"HIGH SCHOOL",NA
16,3,40,"BACHELOR",NA
NA,NA,NA,"HIGH SCHOOL","NOT LEGAL"
NA,NA,NA,"HIGH SCHOOL","LEGAL"
NA,NA,NA,"HIGH SCHOOL",NA
NA,NA,NA,"HIGH SCHOOL",NA
NA,NA,NA,"HIGH SCHOOL","LEGAL"
NA,NA,NA,"GRADUATE","LEGAL"
NA,NA,NA,"GRADUATE","NOT LEGAL"
NA,NA,NA,"GRADUATE","NOT LEGAL"
NA,NA,NA,"LT HIGH SCHOOL",NA
NA,NA,NA,"HIGH SCHOOL","NOT LEGAL"
NA,NA,NA,"GRADUATE","LEGAL"
NA,NA,NA,"HIGH SCHOOL","LEGAL"
1,1,40,"LT HIGH SCHOOL",NA
4,0,16,"HIGH SCHOOL","NOT LEGAL"
1,0,40,"HIGH SCHOOL",NA
NA,NA,NA,"HIGH SCHOOL","NOT LEGAL"
NA,NA,NA,"GRADUATE",NA
3,2,45,"BACHELOR",NA
NA,NA,NA,"HIGH SCHOOL","LEGAL"
2,1,35,"JUNIOR COLLEGE","LEGAL"
5,0,40,"BACHELOR",NA
3,0,35,"JUNIOR COLLEGE",NA
NA,NA,NA,"HIGH SCHOOL","LEGAL"
NA,NA,NA,"BACHELOR","LEGAL"
10,7,8,"HIGH SCHOOL","NOT LEGAL"
NA,NA,NA,"HIGH SCHOOL",NA
8,0,16,"HIGH SCHOOL","NOT LEGAL"
1,4,55,"GRADUATE","LEGAL"
3,5,65,"GRADUATE",NA
NA,NA,NA,"HIGH SCHOOL","NOT LEGAL"
16,4,38,"JUNIOR COLLEGE","NOT LEGAL"
2,3,32,"GRADUATE",NA
4,25,40,"BACHELOR","NOT LEGAL"
NA,NA,NA,"BACHELOR","NOT LEGAL"
3,0,40,"LT HIGH SCHOOL","NOT LEGAL"
NA,NA,NA,"BACHELOR",NA
NA,NA,NA,"LT HIGH SCHOOL","NOT LEGAL"
5,3,12,"GRADUATE","NOT LEGAL"
NA,NA,NA,"HIGH SCHOOL",NA
NA,NA,NA,"HIGH SCHOOL","LEGAL"
NA,NA,NA,"LT HIGH SCHOOL","LEGAL"
NA,NA,NA,"LT HIGH SCHOOL",NA
NA,NA,NA,"HIGH SCHOOL","NOT LEGAL"
NA,NA,NA,"HIGH SCHOOL","LEGAL"
2,0,55,"GRADUATE","NOT LEGAL"
NA,NA,NA,"HIGH SCHOOL","NOT LEGAL"
1,30,56,"HIGH SCHOOL",NA
NA,NA,NA,"HIGH SCHOOL",NA
1,2,20,"HIGH SCHOOL","NOT LEGAL"
NA,NA,NA,"HIGH SCHOOL","NOT LEGAL"
1,3,44,"JUNIOR COLLEGE",NA
4,0,37,"HIGH SCHOOL","LEGAL"
NA,NA,NA,"HIGH SCHOOL",NA
NA,NA,NA,"HIGH SCHOOL",NA
NA,NA,NA,"HIGH SCHOOL","LEGAL"
2,7,65,"HIGH SCHOOL",NA
3,14,40,"HIGH SCHOOL","NOT LEGAL"
NA,NA,NA,"HIGH SCHOOL",NA
NA,NA,NA,"HIGH SCHOOL","LEGAL"
12,0,12,"HIGH SCHOOL","NOT LEGAL"
2,0,40,"LT HIGH SCHOOL","NOT LEGAL"
24,1,50,"JUNIOR COLLEGE","NOT LEGAL"
4,15,45,"HIGH SCHOOL","LEGAL"
4,0,40,"HIGH SCHOOL","LEGAL"
NA,NA,NA,"HIGH SCHOOL",NA
NA,NA,NA,"JUNIOR COLLEGE","NOT LEGAL"
NA,NA,NA,"HIGH SCHOOL","LEGAL"
NA,NA,NA,"HIGH SCHOOL","NOT LEGAL"
NA,NA,NA,"HIGH SCHOOL","LEGAL"
NA,NA,NA,"LT HIGH SCHOOL","NOT LEGAL"
4,10,40,"HIGH SCHOOL",NA
NA,NA,NA,"HIGH SCHOOL",NA
4,0,40,"LT HIGH SCHOOL","NOT LEGAL"
8,30,30,"HIGH SCHOOL",NA
0,14,42,"LT HIGH SCHOOL","NOT LEGAL"
0,0,48,"HIGH SCHOOL",NA
NA,NA,NA,"LT HIGH SCHOOL",NA
NA,NA,NA,"LT HIGH SCHOOL","NOT LEGAL"
10,0,70,"HIGH SCHOOL","LEGAL"
2,15,24,"HIGH SCHOOL",NA
NA,NA,NA,"HIGH SCHOOL",NA
NA,NA,NA,"HIGH SCHOOL","NOT LEGAL"
5,1,40,"BACHELOR","LEGAL"
4,0,50,"BACHELOR","LEGAL"
4,30,38,"HIGH SCHOOL","NOT LEGAL"
NA,NA,NA,"HIGH SCHOOL",NA
NA,NA,NA,"LT HIGH SCHOOL","NOT LEGAL"
5,0,32,"GRADUATE",NA
NA,NA,NA,"LT HIGH SCHOOL","NOT LEGAL"
NA,NA,NA,"GRADUATE","LEGAL"
4,1,55,"GRADUATE",NA
5,1,40,"GRADUATE",NA
NA,NA,NA,"HIGH SCHOOL","LEGAL"
8,30,40,"HIGH SCHOOL",NA
NA,NA,NA,"HIGH SCHOOL","LEGAL"
NA,NA,NA,"HIGH SCHOOL","NOT LEGAL"
0,5,52,"HIGH SCHOOL",NA
2,0,42,"HIGH SCHOOL","LEGAL"
3,4,40,"HIGH SCHOOL","NOT LEGAL"
2,1,40,"HIGH SCHOOL","LEGAL"
8,0,40,"LT HIGH SCHOOL","NOT LEGAL"
NA,NA,NA,"HIGH SCHOOL",NA
0,0,40,"HIGH SCHOOL","LEGAL"
2,0,40,"HIGH SCHOOL","LEGAL"
NA,NA,NA,"BACHELOR",NA
NA,NA,NA,"HIGH SCHOOL",NA
3,0,40,"HIGH SCHOOL",NA
NA,NA,NA,"BACHELOR","LEGAL"
NA,NA,NA,"HIGH SCHOOL","NOT LEGAL"
NA,NA,NA,"HIGH SCHOOL",NA
NA,NA,NA,"HIGH SCHOOL",NA
3,0,60,"BACHELOR","NOT LEGAL"
NA,NA,NA,"HIGH SCHOOL",NA
6,3,45,"BACHELOR","NOT LEGAL"
5,2,9,"GRADUATE","LEGAL"
20,0,20,"GRADUATE",NA
9,15,45,"HIGH SCHOOL","NOT LEGAL"
NA,NA,NA,"HIGH SCHOOL",NA
5,NA,20,"HIGH SCHOOL","NOT LEGAL"
10,6,10,"HIGH SCHOOL",NA
NA,NA,NA,"LT HIGH SCHOOL","LEGAL"
NA,NA,NA,"HIGH SCHOOL","LEGAL"
NA,NA,NA,"HIGH SCHOOL",NA
3,10,50,"GRADUATE","LEGAL"
2,4,40,"HIGH SCHOOL",NA
8,0,20,"HIGH SCHOOL","NOT LEGAL"
2,5,60,"HIGH SCHOOL",NA
NA,NA,NA,"HIGH SCHOOL","NOT LEGAL"
1,NA,42,"HIGH SCHOOL",NA
2,4,24,"HIGH SCHOOL","NOT LEGAL"
3,2,22,"HIGH SCHOOL",NA
NA,NA,NA,"LT HIGH SCHOOL","LEGAL"
4,10,32,"HIGH SCHOOL","LEGAL"
NA,NA,NA,"LT HIGH SCHOOL","NOT LEGAL"
NA,NA,NA,"HIGH SCHOOL",NA
5,0,35,"BACHELOR","LEGAL"
5,0,60,"LT HIGH SCHOOL","LEGAL"
NA,NA,NA,"BACHELOR",NA
6,0,40,"HIGH SCHOOL","LEGAL"
NA,NA,NA,"BACHELOR",NA
NA,NA,NA,"HIGH SCHOOL","LEGAL"
1,0,60,"HIGH SCHOOL",NA
NA,NA,NA,"HIGH SCHOOL","LEGAL"
4,2,40,"GRADUATE",NA
NA,NA,NA,"GRADUATE","NOT LEGAL"
2,0,40,"BACHELOR","NOT LEGAL"
NA,NA,NA,"HIGH SCHOOL","NOT LEGAL"
4,0,40,"BACHELOR","LEGAL"
NA,NA,NA,"HIGH SCHOOL",NA
NA,NA,NA,"JUNIOR COLLEGE","NOT LEGAL"
2,0,60,"HIGH SCHOOL",NA
NA,NA,NA,"HIGH SCHOOL",NA
NA,NA,NA,"JUNIOR COLLEGE","LEGAL"
1,10,35,"HIGH SCHOOL",NA
NA,NA,NA,"HIGH SCHOOL",NA
NA,NA,NA,"HIGH SCHOOL",NA
4,1,45,"GRADUATE","NOT LEGAL"
NA,NA,NA,"HIGH SCHOOL",NA
2,0,52,"HIGH SCHOOL","LEGAL"
5,1,40,"HIGH SCHOOL",NA
12,0,25,"GRADUATE","NOT LEGAL"
3,25,48,"HIGH SCHOOL",NA
NA,NA,NA,"HIGH SCHOOL","LEGAL"
4,3,40,"GRADUATE",NA
NA,NA,NA,"HIGH SCHOOL","NOT LEGAL"
6,0,40,"LT HIGH SCHOOL","NOT LEGAL"
2,0,40,"GRADUATE",NA
NA,NA,NA,"HIGH SCHOOL","NOT LEGAL"
NA,NA,NA,"HIGH SCHOOL",NA
2,0,45,"GRADUATE","LEGAL"
3,2,45,"BACHELOR","NOT LEGAL"
NA,NA,NA,"GRADUATE","LEGAL"
0,0,52,"GRADUATE","LEGAL"
NA,NA,NA,"GRADUATE","NOT LEGAL"
NA,NA,NA,"GRADUATE",NA
3,30,28,"HIGH SCHOOL",NA
NA,NA,NA,"GRADUATE",NA
NA,NA,NA,"JUNIOR COLLEGE","LEGAL"
5,0,30,"JUNIOR COLLEGE","LEGAL"
NA,NA,NA,"LT HIGH SCHOOL","NOT LEGAL"
1,5,50,"GRADUATE","NOT LEGAL"
5,4,13,"HIGH SCHOOL",NA
2,0,46,"LT HIGH SCHOOL","LEGAL"
6,1,47,"HIGH SCHOOL","LEGAL"
6,0,50,"JUNIOR COLLEGE",NA
1,30,12,"HIGH SCHOOL","LEGAL"
NA,NA,NA,"HIGH SCHOOL","NOT LEGAL"
3,0,24,"HIGH SCHOOL","LEGAL"
NA,NA,NA,"HIGH SCHOOL",NA
3,0,45,"JUNIOR COLLEGE",NA
NA,NA,NA,"BACHELOR","NOT LEGAL"
6,0,60,"BACHELOR","NOT LEGAL"
3,0,30,"GRADUATE",NA
4,0,50,"GRADUATE","NOT LEGAL"
3,0,50,"HIGH SCHOOL",NA
5,1,37,"GRADUATE","NOT LEGAL"
5,0,50,"HIGH SCHOOL",NA
2,10,60,"HIGH SCHOOL",NA
NA,NA,NA,"HIGH SCHOOL","NOT LEGAL"
1,0,50,"BACHELOR","NOT LEGAL"
NA,NA,NA,"HIGH SCHOOL","LEGAL"
NA,NA,NA,"HIGH SCHOOL",NA
NA,NA,NA,"JUNIOR COLLEGE",NA
3,0,35,"HIGH SCHOOL","NOT LEGAL"
NA,NA,NA,"BACHELOR",NA
4,0,40,"HIGH SCHOOL","LEGAL"
NA,NA,NA,"HIGH SCHOOL",NA
NA,NA,NA,"HIGH SCHOOL",NA
3,0,50,"GRADUATE","LEGAL"
2,5,50,"GRADUATE",NA
NA,NA,NA,"HIGH SCHOOL","LEGAL"
10,NA,32,"HIGH SCHOOL","NOT LEGAL"
5,7,40,"LT HIGH SCHOOL","NOT LEGAL"
6,15,15,"HIGH SCHOOL",NA
4,2,40,"HIGH SCHOOL",NA
0,0,9,"GRADUATE","NOT LEGAL"
NA,NA,NA,"HIGH SCHOOL",NA
NA,NA,NA,"JUNIOR COLLEGE","NOT LEGAL"
4,4,9,"HIGH SCHOOL",NA
NA,NA,NA,"HIGH SCHOOL",NA
NA,NA,NA,"HIGH SCHOOL","NOT LEGAL"
NA,NA,NA,"LT HIGH SCHOOL",NA
NA,NA,NA,"BACHELOR","NOT LEGAL"
3,0,45,"GRADUATE","LEGAL"
5,0,60,"GRADUATE",NA
5,0,31,"HIGH SCHOOL","LEGAL"
2,0,12,"GRADUATE","NOT LEGAL"
NA,NA,NA,"BACHELOR",NA
5,0,48,"HIGH SCHOOL","NOT LEGAL"
NA,NA,NA,"HIGH SCHOOL",NA
NA,NA,NA,"GRADUATE",NA
2,0,45,"BACHELOR",NA
4,0,45,"HIGH SCHOOL","LEGAL"
5,0,40,"JUNIOR COLLEGE","NOT LEGAL"
2,0,70,"GRADUATE",NA
0,30,60,"HIGH SCHOOL","LEGAL"
NA,NA,NA,"HIGH SCHOOL",NA
1,0,40,"BACHELOR","LEGAL"
NA,NA,NA,"HIGH SCHOOL","NOT LEGAL"
2,0,40,"HIGH SCHOOL","LEGAL"
NA,NA,NA,"HIGH SCHOOL","LEGAL"
2,20,40,"BACHELOR",NA
5,5,40,"GRADUATE","NOT LEGAL"
2,0,5,"BACHELOR",NA
NA,NA,NA,"HIGH SCHOOL",NA
2,0,60,"BACHELOR","NOT LEGAL"
2,0,40,"BACHELOR",NA
NA,NA,NA,"HIGH SCHOOL",NA
1,2,40,"BACHELOR",NA
NA,NA,NA,"HIGH SCHOOL","LEGAL"
7,3,40,"HIGH SCHOOL","LEGAL"
3,0,40,"HIGH SCHOOL","NOT LEGAL"
NA,NA,NA,"BACHELOR","NOT LEGAL"
5,0,55,"GRADUATE","NOT LEGAL"
NA,NA,NA,"GRADUATE",NA
2,2,45,"GRADUATE","LEGAL"
2,10,40,"BACHELOR",NA
5,0,20,"BACHELOR",NA
5,0,25,"HIGH SCHOOL","LEGAL"
2,0,40,"BACHELOR",NA
NA,NA,NA,"BACHELOR",NA
NA,NA,NA,"GRADUATE","LEGAL"
NA,NA,NA,"HIGH SCHOOL","NOT LEGAL"
2,0,40,"BACHELOR",NA
7,2,27,"HIGH SCHOOL","NOT LEGAL"
1,5,60,"BACHELOR","LEGAL"
3,2,50,"BACHELOR","NOT LEGAL"
2,5,52,"HIGH SCHOOL",NA
3,10,41,"LT HIGH SCHOOL","NOT LEGAL"
3,0,48,"HIGH SCHOOL","NOT LEGAL"
NA,NA,NA,"HIGH SCHOOL","NOT LEGAL"
1,0,40,"BACHELOR",NA
NA,NA,NA,"HIGH SCHOOL","LEGAL"
3,0,40,"JUNIOR COLLEGE",NA
NA,NA,NA,"BACHELOR","LEGAL"
4,0,40,"BACHELOR",NA
NA,NA,NA,"LT HIGH SCHOOL","LEGAL"
8,0,40,"LT HIGH SCHOOL",NA
NA,NA,NA,"LT HIGH SCHOOL","NOT LEGAL"
NA,NA,NA,"HIGH SCHOOL","LEGAL"
1,0,9,"HIGH SCHOOL",NA
NA,NA,NA,"HIGH SCHOOL",NA
8,0,41,"HIGH SCHOOL","LEGAL"
7,2,40,"HIGH SCHOOL",NA
NA,NA,NA,"HIGH SCHOOL","LEGAL"
NA,NA,NA,"JUNIOR COLLEGE","LEGAL"
NA,NA,NA,"LT HIGH SCHOOL",NA
10,0,37,"HIGH SCHOOL",NA
NA,NA,NA,"HIGH SCHOOL","LEGAL"
6,8,20,"HIGH SCHOOL",NA
4,0,40,"HIGH SCHOOL","LEGAL"
NA,NA,NA,"HIGH SCHOOL","NOT LEGAL"
NA,NA,NA,"HIGH SCHOOL","NOT LEGAL"
3,0,70,"HIGH SCHOOL",NA
NA,NA,NA,"HIGH SCHOOL","NOT LEGAL"
5,15,30,"LT HIGH SCHOOL",NA
0,0,50,"HIGH SCHOOL","NOT LEGAL"
2,0,40,"HIGH SCHOOL",NA
0,15,50,"HIGH SCHOOL","NOT LEGAL"
3,2,20,"HIGH SCHOOL",NA
4,15,51,"HIGH SCHOOL","LEGAL"
4,4,40,"GRADUATE","NOT LEGAL"
4,2,65,"BACHELOR",NA
NA,NA,NA,"HIGH SCHOOL","NOT LEGAL"
NA,NA,NA,"HIGH SCHOOL","LEGAL"
8,0,37,"BACHELOR","LEGAL"
2,0,75,"HIGH SCHOOL","NOT LEGAL"
1,0,38,"GRADUATE","LEGAL"
4,0,34,"LT HIGH SCHOOL",NA
4,5,40,"HIGH SCHOOL","NOT LEGAL"
3,15,68,"BACHELOR",NA
NA,NA,NA,"LT HIGH SCHOOL","NOT LEGAL"
NA,NA,NA,"LT HIGH SCHOOL",NA
8,1,40,"HIGH SCHOOL","LEGAL"
NA,NA,NA,"JUNIOR COLLEGE","LEGAL"
3,0,40,"HIGH SCHOOL",NA
NA,NA,NA,"HIGH SCHOOL","LEGAL"
NA,NA,NA,"LT HIGH SCHOOL","NOT LEGAL"
6,2,50,"HIGH SCHOOL",NA
8,0,40,"LT HIGH SCHOOL",NA
NA,NA,NA,"HIGH SCHOOL","NOT LEGAL"
NA,NA,NA,"HIGH SCHOOL","NOT LEGAL"
1,0,52,"HIGH SCHOOL",NA
NA,NA,NA,"HIGH SCHOOL","NOT LEGAL"
NA,NA,NA,"LT HIGH SCHOOL","NOT LEGAL"
3,0,40,"HIGH SCHOOL","NOT LEGAL"
NA,NA,NA,"HIGH SCHOOL","NOT LEGAL"
NA,0,40,"JUNIOR COLLEGE","LEGAL"
NA,NA,NA,"JUNIOR COLLEGE","NOT LEGAL"
4,0,40,"HIGH SCHOOL",NA
NA,NA,NA,"HIGH SCHOOL",NA
NA,NA,NA,"HIGH SCHOOL",NA
NA,NA,NA,"HIGH SCHOOL",NA
4,0,39,"JUNIOR COLLEGE","LEGAL"
4,4,42,"JUNIOR COLLEGE",NA
6,0,40,"BACHELOR","LEGAL"
0,0,19,"LT HIGH SCHOOL","LEGAL"
3,5,59,"JUNIOR COLLEGE",NA
5,30,48,"HIGH SCHOOL","NOT LEGAL"
2,5,40,"GRADUATE",NA
NA,NA,NA,"LT HIGH SCHOOL","NOT LEGAL"
NA,NA,NA,"HIGH SCHOOL","NOT LEGAL"
NA,NA,NA,"JUNIOR COLLEGE",NA
NA,NA,NA,"HIGH SCHOOL","NOT LEGAL"
NA,NA,NA,"LT HIGH SCHOOL",NA
6,0,40,"JUNIOR COLLEGE","LEGAL"
1,15,45,"HIGH SCHOOL","LEGAL"
2,5,40,"GRADUATE","LEGAL"
2,3,50,"BACHELOR",NA
NA,NA,NA,"JUNIOR COLLEGE","NOT LEGAL"
NA,NA,NA,"GRADUATE","LEGAL"
4,0,40,"BACHELOR",NA
2,0,60,"BACHELOR","NOT LEGAL"
4,0,60,"GRADUATE","NOT LEGAL"
4,0,50,"GRADUATE",NA
5,0,25,"HIGH SCHOOL","LEGAL"
8,0,55,"HIGH SCHOOL","LEGAL"
4,5,40,"BACHELOR","LEGAL"
1,30,45,"BACHELOR",NA
6,4,9,"JUNIOR COLLEGE","LEGAL"
NA,NA,NA,"HIGH SCHOOL","LEGAL"
1,0,50,"BACHELOR",NA
NA,NA,NA,"LT HIGH SCHOOL","LEGAL"
8,0,28,"HIGH SCHOOL","LEGAL"
NA,NA,NA,"BACHELOR",NA
NA,NA,NA,"LT HIGH SCHOOL","LEGAL"
NA,NA,NA,"JUNIOR COLLEGE",NA
5,0,20,"HIGH SCHOOL","NOT LEGAL"
NA,NA,NA,"HIGH SCHOOL",NA
NA,NA,NA,"HIGH SCHOOL","LEGAL"
NA,NA,NA,"LT HIGH SCHOOL",NA
4,0,30,"HIGH SCHOOL",NA
NA,NA,NA,"HIGH SCHOOL","LEGAL"
NA,NA,NA,"HIGH SCHOOL",NA
5,3,37,"HIGH SCHOOL",NA
NA,NA,NA,"HIGH SCHOOL","NOT LEGAL"
NA,NA,NA,"HIGH SCHOOL","NOT LEGAL"
NA,NA,NA,"LT HIGH SCHOOL",NA
7,0,20,"HIGH SCHOOL","LEGAL"
NA,NA,NA,"LT HIGH SCHOOL","NOT LEGAL"
2,4,30,"HIGH SCHOOL",NA
NA,NA,NA,"HIGH SCHOOL",NA
4,0,20,"JUNIOR COLLEGE",NA
2,30,30,"HIGH SCHOOL","NOT LEGAL"
NA,NA,NA,"HIGH SCHOOL",NA
NA,NA,NA,"LT HIGH SCHOOL",NA
NA,NA,NA,"LT HIGH SCHOOL","LEGAL"
4,0,40,"HIGH SCHOOL","NOT LEGAL"
NA,NA,NA,"LT HIGH SCHOOL","NOT LEGAL"
NA,NA,NA,"LT HIGH SCHOOL",NA
NA,NA,NA,"BACHELOR","LEGAL"
NA,NA,NA,"HIGH SCHOOL","LEGAL"
3,2,50,"BACHELOR",NA
8,25,16,"HIGH SCHOOL","LEGAL"
NA,NA,NA,"HIGH SCHOOL","NOT LEGAL"
3,1,30,"HIGH SCHOOL","NOT LEGAL"
NA,NA,NA,"BACHELOR",NA
NA,NA,NA,"HIGH SCHOOL","NOT LEGAL"
NA,NA,NA,"GRADUATE",NA
2,0,62,"JUNIOR COLLEGE","LEGAL"
NA,NA,NA,"LT HIGH SCHOOL",NA
8,0,40,"LT HIGH SCHOOL","NOT LEGAL"
NA,NA,NA,"HIGH SCHOOL",NA
0,0,40,"GRADUATE","LEGAL"
NA,NA,NA,"HIGH SCHOOL",NA
NA,NA,NA,"HIGH SCHOOL","LEGAL"
9,0,45,"HIGH SCHOOL","LEGAL"
4,30,40,"LT HIGH SCHOOL",NA
3,30,40,"LT HIGH SCHOOL",NA
NA,NA,NA,"LT HIGH SCHOOL",NA
NA,NA,NA,"LT HIGH SCHOOL","NOT LEGAL"
NA,NA,NA,"BACHELOR","LEGAL"
4,0,38,"BACHELOR","NOT LEGAL"
NA,NA,NA,"GRADUATE","NOT LEGAL"
NA,NA,NA,"HIGH SCHOOL","NOT LEGAL"
4,5,40,"BACHELOR",NA
NA,NA,NA,"GRADUATE","NOT LEGAL"
NA,NA,9,"BACHELOR","NOT LEGAL"
2,4,50,"BACHELOR","LEGAL"
NA,NA,NA,"BACHELOR",NA
4,0,20,"GRADUATE","NOT LEGAL"
6,0,40,"BACHELOR","LEGAL"
2,2,45,"GRADUATE","NOT LEGAL"
4,25,10,"GRADUATE","LEGAL"
NA,NA,NA,"GRADUATE","NOT LEGAL"
2,1,60,"GRADUATE","LEGAL"
NA,NA,NA,"HIGH SCHOOL","NOT LEGAL"
2,0,37,"JUNIOR COLLEGE",NA
2,5,52,"JUNIOR COLLEGE",NA
2,0,37,"BACHELOR","LEGAL"
NA,NA,NA,"LT HIGH SCHOOL","LEGAL"
NA,NA,NA,"LT HIGH SCHOOL",NA
1,0,50,"BACHELOR","LEGAL"
1,1,50,"BACHELOR","LEGAL"
8,0,40,"HIGH SCHOOL",NA
3,3,27,"HIGH SCHOOL","NOT LEGAL"
NA,NA,NA,"HIGH SCHOOL",NA
2,4,60,"BACHELOR","NOT LEGAL"
3,2,70,"BACHELOR",NA
NA,NA,NA,"HIGH SCHOOL","NOT LEGAL"
5,0,40,"BACHELOR","LEGAL"
4,10,50,"GRADUATE",NA
4,0,45,"BACHELOR",NA
NA,NA,NA,"HIGH SCHOOL","NOT LEGAL"
6,0,35,"HIGH SCHOOL","LEGAL"
NA,NA,NA,"GRADUATE","LEGAL"
4,30,40,"HIGH SCHOOL","LEGAL"
2,3,37,"BACHELOR","LEGAL"
3,0,55,"GRADUATE",NA
5,0,50,"HIGH SCHOOL","NOT LEGAL"
NA,NA,NA,"HIGH SCHOOL",NA
NA,NA,NA,"GRADUATE","NOT LEGAL"
NA,NA,NA,"HIGH SCHOOL",NA
4,4,52,"BACHELOR","LEGAL"
NA,NA,NA,"HIGH SCHOOL","LEGAL"
3,0,16,"BACHELOR",NA
NA,NA,NA,"HIGH SCHOOL",NA
NA,NA,NA,"BACHELOR","NOT LEGAL"
NA,NA,NA,"BACHELOR",NA
NA,NA,NA,"BACHELOR","NOT LEGAL"
3,0,52,"BACHELOR","LEGAL"
NA,NA,50,"HIGH SCHOOL",NA
2,5,60,"BACHELOR","NOT LEGAL"
2,10,60,"HIGH SCHOOL",NA
4,12,40,"BACHELOR","NOT LEGAL"
20,0,35,"BACHELOR","NOT LEGAL"
4,0,8,"GRADUATE",NA
5,0,40,"HIGH SCHOOL",NA
NA,NA,NA,"HIGH SCHOOL","LEGAL"
NA,NA,NA,"BACHELOR",NA
3,0,60,"HIGH SCHOOL","LEGAL"
5,0,60,"BACHELOR","LEGAL"
2,5,50,"BACHELOR",NA
NA,NA,NA,"BACHELOR",NA
NA,NA,NA,"HIGH SCHOOL","NOT LEGAL"
3,0,50,"HIGH SCHOOL","LEGAL"
NA,NA,NA,"HIGH SCHOOL",NA
2,0,65,"BACHELOR","NOT LEGAL"
2,5,50,"GRADUATE",NA
1,1,60,"JUNIOR COLLEGE","NOT LEGAL"
NA,NA,NA,"GRADUATE","LEGAL"
4,2,40,"JUNIOR COLLEGE","NOT LEGAL"
NA,NA,NA,"BACHELOR","NOT LEGAL"
6,0,43,"BACHELOR","LEGAL"
NA,NA,NA,"GRADUATE","NOT LEGAL"
5,0,1,"JUNIOR COLLEGE",NA
3,1,45,"BACHELOR","NOT LEGAL"
10,7,20,"HIGH SCHOOL",NA
6,0,36,"BACHELOR","NOT LEGAL"
3,0,40,"GRADUATE",NA
6,0,42,"JUNIOR COLLEGE",NA
NA,NA,NA,"HIGH SCHOOL","LEGAL"
NA,NA,NA,"HIGH SCHOOL",NA
4,10,40,"BACHELOR","NOT LEGAL"
NA,NA,NA,"BACHELOR",NA
NA,NA,NA,"HIGH SCHOOL","NOT LEGAL"
5,0,35,"HIGH SCHOOL",NA
NA,NA,NA,"HIGH SCHOOL",NA
7,10,42,"HIGH SCHOOL","NOT LEGAL"
0,0,70,"HIGH SCHOOL",NA
NA,NA,NA,"HIGH SCHOOL","LEGAL"
4,0,50,"HIGH SCHOOL","LEGAL"
3,1,40,"GRADUATE",NA
NA,NA,NA,"HIGH SCHOOL","NOT LEGAL"
NA,NA,NA,"HIGH SCHOOL","NOT LEGAL"
2,5,40,"GRADUATE",NA
NA,NA,NA,"HIGH SCHOOL",NA
2,0,35,"HIGH SCHOOL","LEGAL"
NA,NA,NA,"BACHELOR","LEGAL"
3,3,16,"HIGH SCHOOL",NA
4,0,20,"GRADUATE","NOT LEGAL"
NA,NA,NA,"JUNIOR COLLEGE","NOT LEGAL"
1,14,36,"LT HIGH SCHOOL",NA
NA,NA,NA,"HIGH SCHOOL","NOT LEGAL"
1,20,40,"HIGH SCHOOL","LEGAL"
5,0,26,"LT HIGH SCHOOL",NA
5,5,40,"BACHELOR","NOT LEGAL"
0,3,27,"LT HIGH SCHOOL",NA
2,20,30,"JUNIOR COLLEGE","NOT LEGAL"
NA,NA,NA,"HIGH SCHOOL",NA
NA,NA,NA,"JUNIOR COLLEGE","LEGAL"
1,0,56,"JUNIOR COLLEGE",NA
NA,NA,NA,"LT HIGH SCHOOL","LEGAL"
3,0,30,"LT HIGH SCHOOL",NA
4,0,48,"LT HIGH SCHOOL","LEGAL"
3,0,38,"HIGH SCHOOL",NA
NA,NA,NA,"LT HIGH SCHOOL","NOT LEGAL"
NA,NA,NA,"HIGH SCHOOL","NOT LEGAL"
16,0,40,"HIGH SCHOOL",NA
0,15,80,"JUNIOR COLLEGE","NOT LEGAL"
2,2,50,"LT HIGH SCHOOL","NOT LEGAL"
1,30,50,"HIGH SCHOOL",NA
NA,NA,NA,"HIGH SCHOOL","NOT LEGAL"
3,2,35,"BACHELOR","NOT LEGAL"
NA,NA,NA,"LT HIGH SCHOOL","NOT LEGAL"
12,0,42,"HIGH SCHOOL","NOT LEGAL"
NA,NA,NA,"LT HIGH SCHOOL","LEGAL"
NA,NA,NA,"HIGH SCHOOL","NOT LEGAL"
NA,NA,NA,"LT HIGH SCHOOL",NA
NA,NA,NA,"LT HIGH SCHOOL","NOT LEGAL"
9,3,28,"HIGH SCHOOL",NA
NA,NA,NA,"LT HIGH SCHOOL","NOT LEGAL"
NA,NA,NA,"LT HIGH SCHOOL","NOT LEGAL"
8,7,40,"HIGH SCHOOL",NA
4,2,40,"BACHELOR",NA
4,7,42,"LT HIGH SCHOOL","NOT LEGAL"
NA,NA,NA,"LT HIGH SCHOOL","NOT LEGAL"
NA,NA,NA,"LT HIGH SCHOOL",NA
3,0,50,"HIGH SCHOOL","NOT LEGAL"
NA,NA,NA,"LT HIGH SCHOOL",NA
NA,NA,NA,"HIGH SCHOOL","NOT LEGAL"
NA,NA,NA,"HIGH SCHOOL",NA
6,0,22,"HIGH SCHOOL","LEGAL"
NA,NA,NA,"BACHELOR",NA
6,25,40,"HIGH SCHOOL",NA
2,0,9,"BACHELOR","LEGAL"
0,0,40,"HIGH SCHOOL",NA
1,3,38,"BACHELOR",NA
2,7,50,"LT HIGH SCHOOL","NOT LEGAL"
4,30,25,"HIGH SCHOOL","NOT LEGAL"
NA,NA,NA,"BACHELOR",NA
NA,NA,NA,"HIGH SCHOOL","NOT LEGAL"
0,0,32,"LT HIGH SCHOOL","LEGAL"
0,0,60,"HIGH SCHOOL",NA
NA,NA,NA,"HIGH SCHOOL",NA
NA,NA,NA,"HIGH SCHOOL","NOT LEGAL"
3,0,40,"GRADUATE",NA
NA,NA,NA,"JUNIOR COLLEGE","NOT LEGAL"
0,0,7,"JUNIOR COLLEGE","NOT LEGAL"
NA,NA,NA,"HIGH SCHOOL","LEGAL"
NA,NA,NA,"HIGH SCHOOL",NA
NA,NA,NA,"HIGH SCHOOL","NOT LEGAL"
NA,NA,NA,"HIGH SCHOOL","LEGAL"
6,4,25,"HIGH SCHOOL",NA
3,0,45,"HIGH SCHOOL","LEGAL"
1,2,45,"HIGH SCHOOL","LEGAL"
2,0,65,"GRADUATE",NA
6,0,40,"HIGH SCHOOL",NA
3,0,40,"LT HIGH SCHOOL","NOT LEGAL"
5,0,45,"HIGH SCHOOL",NA
4,0,40,"JUNIOR COLLEGE","LEGAL"
6,0,40,"HIGH SCHOOL","NOT LEGAL"
3,0,43,"HIGH SCHOOL",NA
2,0,52,"HIGH SCHOOL","LEGAL"
NA,NA,NA,"HIGH SCHOOL",NA
NA,NA,NA,"HIGH SCHOOL",NA
NA,NA,NA,"LT HIGH SCHOOL","LEGAL"
6,0,30,"LT HIGH SCHOOL",NA
NA,0,40,"HIGH SCHOOL","LEGAL"
3,0,28,"HIGH SCHOOL",NA
1,3,40,"HIGH SCHOOL",NA
4,0,44,"HIGH SCHOOL","LEGAL"
1,14,74,"HIGH SCHOOL",NA
1,10,50,"HIGH SCHOOL","LEGAL"
NA,NA,NA,"HIGH SCHOOL","LEGAL"
NA,NA,NA,"HIGH SCHOOL",NA
3,0,35,"HIGH SCHOOL","LEGAL"
2,0,32,"JUNIOR COLLEGE","LEGAL"
NA,NA,NA,"BACHELOR","LEGAL"
4,0,40,"BACHELOR","NOT LEGAL"
2,15,57,"HIGH SCHOOL","LEGAL"
NA,NA,NA,"BACHELOR","LEGAL"
NA,NA,NA,"JUNIOR COLLEGE","LEGAL"
4,4,50,"HIGH SCHOOL","LEGAL"
NA,NA,NA,"HIGH SCHOOL","LEGAL"
NA,NA,NA,"HIGH SCHOOL","LEGAL"
4,0,35,"BACHELOR","NOT LEGAL"
NA,NA,NA,"HIGH SCHOOL","LEGAL"
NA,NA,NA,"HIGH SCHOOL",NA
NA,NA,NA,"HIGH SCHOOL","NOT LEGAL"
2,0,60,"JUNIOR COLLEGE","LEGAL"
2,2,40,"HIGH SCHOOL","NOT LEGAL"
1,4,50,"HIGH SCHOOL","NOT LEGAL"
2,2,32,"BACHELOR",NA
2,0,15,"HIGH SCHOOL","LEGAL"
5,0,9,"HIGH SCHOOL","LEGAL"
4,0,40,"HIGH SCHOOL",NA
4,0,8,"LT HIGH SCHOOL",NA
4,2,20,"HIGH SCHOOL",NA
NA,NA,NA,"LT HIGH SCHOOL",NA
NA,NA,NA,"HIGH SCHOOL","NOT LEGAL"
NA,NA,NA,"LT HIGH SCHOOL",NA
6,0,40,"HIGH SCHOOL","NOT LEGAL"
NA,NA,NA,"LT HIGH SCHOOL",NA
2,30,50,"LT HIGH SCHOOL","NOT LEGAL"
2,0,40,"HIGH SCHOOL","LEGAL"
NA,NA,NA,"LT HIGH SCHOOL",NA
NA,NA,NA,"HIGH SCHOOL","NOT LEGAL"
3,0,40,"LT HIGH SCHOOL","NOT LEGAL"
NA,NA,NA,"LT HIGH SCHOOL",NA
NA,NA,NA,"LT HIGH SCHOOL","NOT LEGAL"
NA,NA,NA,"LT HIGH SCHOOL","LEGAL"
NA,NA,NA,"HIGH SCHOOL","LEGAL"
2,0,48,"LT HIGH SCHOOL","NOT LEGAL"
2,0,70,"HIGH SCHOOL","NOT LEGAL"
12,0,44,"LT HIGH SCHOOL","NOT LEGAL"
NA,NA,NA,"LT HIGH SCHOOL",NA
1,0,55,"HIGH SCHOOL",NA
NA,NA,NA,"JUNIOR COLLEGE","NOT LEGAL"
NA,NA,NA,"HIGH SCHOOL","NOT LEGAL"
4,0,40,"HIGH SCHOOL","NOT LEGAL"
NA,NA,NA,"GRADUATE",NA
2,0,40,"HIGH SCHOOL","NOT LEGAL"
NA,NA,NA,"HIGH SCHOOL",NA
4,0,42,"HIGH SCHOOL",NA
7,3,30,"HIGH SCHOOL","NOT LEGAL"
7,0,20,"LT HIGH SCHOOL",NA
NA,NA,NA,"BACHELOR","LEGAL"
6,0,40,"HIGH SCHOOL","LEGAL"
6,1,56,"BACHELOR","LEGAL"
8,0,39,"HIGH SCHOOL","LEGAL"
3,0,72,"LT HIGH SCHOOL","LEGAL"
NA,NA,NA,"LT HIGH SCHOOL",NA
4,4,50,"BACHELOR","LEGAL"
1,15,40,"GRADUATE","LEGAL"
NA,NA,NA,"HIGH SCHOOL","LEGAL"
6,0,40,"HIGH SCHOOL","NOT LEGAL"
2,1,28,"BACHELOR",NA
5,0,50,"GRADUATE",NA
NA,NA,NA,"BACHELOR","LEGAL"
NA,NA,NA,"LT HIGH SCHOOL",NA
NA,NA,NA,"HIGH SCHOOL","NOT LEGAL"
1,0,35,"HIGH SCHOOL","NOT LEGAL"
NA,NA,NA,"HIGH SCHOOL","NOT LEGAL"
2,0,40,"BACHELOR","LEGAL"
1,5,48,"BACHELOR","LEGAL"
5,0,60,"HIGH SCHOOL",NA
1,7,36,"BACHELOR","LEGAL"
NA,NA,NA,"HIGH SCHOOL","LEGAL"
4,0,45,"HIGH SCHOOL",NA
1,27,NA,"HIGH SCHOOL","NOT LEGAL"
NA,NA,NA,"BACHELOR",NA
4,1,20,"HIGH SCHOOL",NA
1,5,85,"GRADUATE","LEGAL"
NA,NA,NA,"LT HIGH SCHOOL","NOT LEGAL"
6,0,20,"HIGH SCHOOL",NA
4,0,40,"BACHELOR","NOT LEGAL"
NA,NA,NA,"JUNIOR COLLEGE",NA
2,0,9,"JUNIOR COLLEGE","NOT LEGAL"
NA,NA,NA,"HIGH SCHOOL","LEGAL"
NA,NA,NA,"BACHELOR","NOT LEGAL"
0,0,10,"HIGH SCHOOL","LEGAL"
0,0,46,"HIGH SCHOOL","LEGAL"
NA,NA,NA,"LT HIGH SCHOOL",NA
NA,NA,NA,"BACHELOR","NOT LEGAL"
2,15,40,"HIGH SCHOOL","LEGAL"
12,0,15,"GRADUATE",NA
3,2,42,"HIGH SCHOOL","LEGAL"
NA,NA,NA,"HIGH SCHOOL","NOT LEGAL"
2,0,30,"BACHELOR","NOT LEGAL"
NA,NA,NA,"HIGH SCHOOL",NA
5,5,30,"BACHELOR","LEGAL"
NA,NA,NA,"HIGH SCHOOL","NOT LEGAL"
4,0,45,"BACHELOR","LEGAL"
5,0,9,"HIGH SCHOOL",NA
NA,NA,NA,"LT HIGH SCHOOL","NOT LEGAL"
NA,NA,NA,"HIGH SCHOOL","NOT LEGAL"
NA,NA,NA,"HIGH SCHOOL",NA
2,5,40,"HIGH SCHOOL","NOT LEGAL"
1,0,2,"HIGH SCHOOL",NA
6,10,25,"LT HIGH SCHOOL",NA
NA,NA,NA,"HIGH SCHOOL",NA
2,4,89,"HIGH SCHOOL","LEGAL"
NA,NA,NA,"HIGH SCHOOL",NA
2,20,52,"HIGH SCHOOL","LEGAL"
3,0,40,"BACHELOR",NA
NA,NA,NA,"HIGH SCHOOL",NA
NA,NA,NA,"LT HIGH SCHOOL","LEGAL"
5,0,24,"HIGH SCHOOL","NOT LEGAL"
0,0,48,"LT HIGH SCHOOL","NOT LEGAL"
NA,NA,NA,"LT HIGH SCHOOL","NOT LEGAL"
2,0,56,"LT HIGH SCHOOL",NA
NA,NA,NA,"BACHELOR","LEGAL"
NA,NA,NA,"HIGH SCHOOL","NOT LEGAL"
3,0,40,"HIGH SCHOOL","NOT LEGAL"
0,30,40,"LT HIGH SCHOOL","NOT LEGAL"
2,21,14,"LT HIGH SCHOOL","LEGAL"
2,30,35,"HIGH SCHOOL","LEGAL"
2,0,40,"HIGH SCHOOL","NOT LEGAL"
6,15,50,"HIGH SCHOOL","NOT LEGAL"
NA,NA,NA,"HIGH SCHOOL","NOT LEGAL"
8,0,6,"GRADUATE","NOT LEGAL"
NA,NA,NA,"BACHELOR",NA
NA,NA,NA,"LT HIGH SCHOOL",NA
NA,NA,NA,"LT HIGH SCHOOL","LEGAL"
2,4,40,"HIGH SCHOOL",NA
12,0,60,"LT HIGH SCHOOL","LEGAL"
0,0,32,"HIGH SCHOOL","LEGAL"
NA,NA,NA,"LT HIGH SCHOOL",NA
NA,NA,NA,"LT HIGH SCHOOL",NA
1,1,40,"GRADUATE","NOT LEGAL"
NA,NA,NA,"HIGH SCHOOL","LEGAL"
4,0,40,"HIGH SCHOOL","NOT LEGAL"
NA,NA,NA,"LT HIGH SCHOOL","LEGAL"
NA,NA,25,"HIGH SCHOOL","NOT LEGAL"
NA,NA,NA,"HIGH SCHOOL","NOT LEGAL"
6,10,9,"HIGH SCHOOL","LEGAL"
NA,0,NA,"HIGH SCHOOL",NA
NA,NA,NA,"HIGH SCHOOL","LEGAL"
1,1,70,"JUNIOR COLLEGE",NA
3,30,40,"BACHELOR",NA
3,0,40,"BACHELOR","LEGAL"
NA,NA,NA,"JUNIOR COLLEGE","NOT LEGAL"
NA,NA,NA,"BACHELOR",NA
NA,NA,NA,"HIGH SCHOOL","NOT LEGAL"
10,0,30,"HIGH SCHOOL","NOT LEGAL"
4,0,40,"GRADUATE",NA
NA,NA,NA,"BACHELOR","NOT LEGAL"
5,4,40,"HIGH SCHOOL",NA
NA,NA,NA,"HIGH SCHOOL","LEGAL"
NA,NA,NA,"JUNIOR COLLEGE",NA
NA,NA,NA,"LT HIGH SCHOOL","NOT LEGAL"
6,2,20,"HIGH SCHOOL",NA
NA,NA,NA,"HIGH SCHOOL","LEGAL"
NA,NA,NA,"HIGH SCHOOL",NA
NA,NA,NA,"LT HIGH SCHOOL","NOT LEGAL"
NA,NA,NA,"LT HIGH SCHOOL","NOT LEGAL"
7,0,21,"GRADUATE",NA
NA,NA,NA,"BACHELOR","LEGAL"
1,0,50,"HIGH SCHOOL","LEGAL"
1,0,50,"BACHELOR",NA
2,0,40,"JUNIOR COLLEGE","LEGAL"
NA,NA,NA,"HIGH SCHOOL","LEGAL"
NA,NA,NA,"HIGH SCHOOL","LEGAL"
6,5,41,"GRADUATE",NA
NA,NA,NA,"HIGH SCHOOL",NA
0,0,48,"HIGH SCHOOL","LEGAL"
2,0,60,"GRADUATE","NOT LEGAL"
4,7,40,"BACHELOR",NA
5,0,50,"BACHELOR","LEGAL"
5,0,50,"HIGH SCHOOL",NA
NA,NA,NA,"LT HIGH SCHOOL","NOT LEGAL"
2,0,35,"HIGH SCHOOL",NA
4,2,65,"HIGH SCHOOL","LEGAL"
NA,NA,NA,"GRADUATE","LEGAL"
NA,NA,NA,"JUNIOR COLLEGE",NA
5,4,42,"BACHELOR","NOT LEGAL"
1,2,44,"HIGH SCHOOL","NOT LEGAL"
NA,NA,NA,"GRADUATE","LEGAL"
3,0,43,"BACHELOR","NOT LEGAL"
NA,NA,NA,"HIGH SCHOOL","NOT LEGAL"
6,15,50,"HIGH SCHOOL","LEGAL"
4,1,40,"HIGH SCHOOL",NA
NA,NA,NA,"BACHELOR",NA
NA,NA,NA,"HIGH SCHOOL","NOT LEGAL"
NA,NA,NA,"LT HIGH SCHOOL","LEGAL"
3,0,40,"GRADUATE",NA
NA,NA,NA,"HIGH SCHOOL",NA
NA,NA,NA,"LT HIGH SCHOOL","LEGAL"
NA,NA,NA,"HIGH SCHOOL",NA
10,1,20,"GRADUATE","NOT LEGAL"
6,6,45,"HIGH SCHOOL","LEGAL"
NA,NA,NA,"BACHELOR",NA
2,0,43,"HIGH SCHOOL","LEGAL"
NA,NA,NA,"JUNIOR COLLEGE","LEGAL"
1,20,45,"HIGH SCHOOL",NA
NA,NA,NA,"LT HIGH SCHOOL","NOT LEGAL"
2,10,50,"HIGH SCHOOL",NA
10,0,10,"HIGH SCHOOL",NA
NA,NA,NA,"HIGH SCHOOL",NA
2,8,20,"HIGH SCHOOL","NOT LEGAL"
6,10,8,"HIGH SCHOOL",NA
NA,NA,NA,"BACHELOR","NOT LEGAL"
2,0,40,"HIGH SCHOOL","LEGAL"
1,0,42,"HIGH SCHOOL",NA
NA,NA,NA,"HIGH SCHOOL",NA
3,1,55,"HIGH SCHOOL",NA
NA,NA,NA,"HIGH SCHOOL",NA
5,0,40,"LT HIGH SCHOOL",NA
5,0,50,"BACHELOR","NOT LEGAL"
0,0,40,"GRADUATE",NA
1,5,40,"GRADUATE","LEGAL"
NA,NA,NA,"BACHELOR",NA
3,4,45,"GRADUATE",NA
4,5,60,"BACHELOR","NOT LEGAL"
NA,NA,NA,"BACHELOR","NOT LEGAL"
0,11,89,"HIGH SCHOOL","NOT LEGAL"
2,25,60,"BACHELOR",NA
1,0,50,"GRADUATE","LEGAL"
NA,NA,NA,"HIGH SCHOOL",NA
5,30,40,"HIGH SCHOOL",NA
NA,NA,NA,"BACHELOR","LEGAL"
5,0,50,"HIGH SCHOOL","NOT LEGAL"
3,5,40,"HIGH SCHOOL",NA
5,5,45,"HIGH SCHOOL","LEGAL"
NA,NA,NA,"BACHELOR","LEGAL"
1,0,44,"BACHELOR",NA
2,0,89,"BACHELOR","LEGAL"
2,5,55,"GRADUATE","LEGAL"
NA,NA,NA,"HIGH SCHOOL","LEGAL"
3,0,89,"HIGH SCHOOL","LEGAL"
2,4,40,"HIGH SCHOOL",NA
3,10,40,"JUNIOR COLLEGE","NOT LEGAL"
3,5,32,"JUNIOR COLLEGE","LEGAL"
2,2,56,"HIGH SCHOOL",NA
3,1,40,"HIGH SCHOOL","NOT LEGAL"
NA,NA,NA,"LT HIGH SCHOOL","NOT LEGAL"
5,5,27,"JUNIOR COLLEGE","LEGAL"
NA,NA,NA,"LT HIGH SCHOOL","NOT LEGAL"
NA,NA,NA,"GRADUATE",NA
4,0,60,"BACHELOR",NA
NA,NA,NA,"GRADUATE",NA
NA,NA,NA,"JUNIOR COLLEGE",NA
NA,NA,NA,"HIGH SCHOOL","NOT LEGAL"
1,10,40,"HIGH SCHOOL","NOT LEGAL"
2,0,24,"JUNIOR COLLEGE",NA
5,0,40,"HIGH SCHOOL",NA
6,8,42,"GRADUATE",NA
3,0,55,"GRADUATE","LEGAL"
6,15,38,"HIGH SCHOOL","NOT LEGAL"
NA,NA,NA,"HIGH SCHOOL",NA
NA,NA,NA,"HIGH SCHOOL","NOT LEGAL"
NA,NA,NA,"HIGH SCHOOL","LEGAL"
NA,NA,NA,"BACHELOR","NOT LEGAL"
1,1,52,"BACHELOR",NA
2,0,40,"HIGH SCHOOL","NOT LEGAL"
1,0,40,"HIGH SCHOOL",NA
NA,NA,NA,"LT HIGH SCHOOL","NOT LEGAL"
NA,NA,NA,"HIGH SCHOOL",NA
9,0,50,"HIGH SCHOOL",NA
1,20,35,"HIGH SCHOOL","NOT LEGAL"
1,0,9,"HIGH SCHOOL",NA
NA,NA,NA,"GRADUATE","NOT LEGAL"
NA,NA,NA,"HIGH SCHOOL","LEGAL"
3,5,50,"HIGH SCHOOL","LEGAL"
4,0,40,"HIGH SCHOOL","NOT LEGAL"
10,0,32,"LT HIGH SCHOOL",NA
NA,NA,NA,"HIGH SCHOOL",NA
NA,NA,NA,"HIGH SCHOOL","NOT LEGAL"
NA,NA,NA,"HIGH SCHOOL","NOT LEGAL"
NA,NA,NA,"HIGH SCHOOL",NA
NA,NA,NA,"HIGH SCHOOL",NA
4,0,41,"HIGH SCHOOL","LEGAL"
5,0,52,"HIGH SCHOOL","LEGAL"
4,2,40,"HIGH SCHOOL",NA
NA,NA,NA,"HIGH SCHOOL",NA
4,0,89,"HIGH SCHOOL",NA
3,0,89,"GRADUATE","NOT LEGAL"
2,0,86,"HIGH SCHOOL",NA
NA,NA,NA,"HIGH SCHOOL","NOT LEGAL"
1,0,40,"BACHELOR","NOT LEGAL"
NA,NA,NA,"BACHELOR","NOT LEGAL"
6,0,20,"HIGH SCHOOL","LEGAL"
NA,NA,NA,"HIGH SCHOOL","LEGAL"
NA,NA,NA,"LT HIGH SCHOOL",NA
NA,NA,NA,"BACHELOR","NOT LEGAL"
NA,NA,NA,"HIGH SCHOOL",NA
4,15,36,"JUNIOR COLLEGE","NOT LEGAL"
NA,NA,NA,"HIGH SCHOOL",NA
NA,NA,NA,"LT HIGH SCHOOL","NOT LEGAL"
3,7,40,"HIGH SCHOOL","NOT LEGAL"
NA,NA,NA,"BACHELOR","NOT LEGAL"
3,6,89,"JUNIOR COLLEGE","NOT LEGAL"
5,0,37,"JUNIOR COLLEGE",NA
NA,NA,NA,"HIGH SCHOOL","LEGAL"
2,0,40,"LT HIGH SCHOOL",NA
NA,NA,NA,"LT HIGH SCHOOL","NOT LEGAL"
NA,NA,NA,"LT HIGH SCHOOL","NOT LEGAL"
NA,NA,NA,"LT HIGH SCHOOL","LEGAL"
2,0,35,"HIGH SCHOOL",NA
NA,NA,NA,"HIGH SCHOOL",NA
3,0,68,"LT HIGH SCHOOL",NA
2,0,29,"HIGH SCHOOL","NOT LEGAL"
3,0,44,"BACHELOR",NA
NA,NA,NA,"HIGH SCHOOL","NOT LEGAL"
6,0,16,"HIGH SCHOOL",NA
NA,NA,NA,"LT HIGH SCHOOL","LEGAL"
2,0,56,"HIGH SCHOOL",NA
4,0,14,"LT HIGH SCHOOL","NOT LEGAL"
NA,NA,NA,"HIGH SCHOOL","LEGAL"
NA,NA,NA,"BACHELOR",NA
NA,NA,NA,"HIGH SCHOOL","LEGAL"
2,0,50,"LT HIGH SCHOOL",NA
NA,NA,NA,"HIGH SCHOOL",NA
4,0,55,"HIGH SCHOOL","LEGAL"
NA,NA,NA,"LT HIGH SCHOOL",NA
3,20,46,"HIGH SCHOOL",NA
NA,NA,NA,"LT HIGH SCHOOL","NOT LEGAL"
1,0,40,"HIGH SCHOOL",NA
NA,NA,NA,"HIGH SCHOOL","NOT LEGAL"
NA,NA,NA,"BACHELOR","NOT LEGAL"
3,0,40,"BACHELOR","NOT LEGAL"
1,2,50,"BACHELOR",NA
NA,NA,NA,"LT HIGH SCHOOL","NOT LEGAL"
3,5,60,"GRADUATE","LEGAL"
3,0,40,"BACHELOR","LEGAL"
2,2,50,"BACHELOR",NA
1,0,40,"HIGH SCHOOL","LEGAL"
NA,NA,NA,"HIGH SCHOOL","NOT LEGAL"
3,0,40,"HIGH SCHOOL","NOT LEGAL"
NA,NA,NA,"LT HIGH SCHOOL",NA
2,3,48,"HIGH SCHOOL","NOT LEGAL"
NA,NA,NA,"LT HIGH SCHOOL",NA
6,20,40,"HIGH SCHOOL",NA
NA,NA,NA,"HIGH SCHOOL","NOT LEGAL"
5,15,40,"JUNIOR COLLEGE","LEGAL"
3,0,40,"HIGH SCHOOL","LEGAL"
NA,NA,NA,"HIGH SCHOOL",NA
4,0,52,"GRADUATE",NA
5,0,27,"HIGH SCHOOL","NOT LEGAL"
NA,NA,NA,"HIGH SCHOOL",NA
3,0,40,"GRADUATE","NOT LEGAL"
NA,NA,NA,"LT HIGH SCHOOL","LEGAL"
4,0,68,"HIGH SCHOOL","LEGAL"
NA,NA,NA,"LT HIGH SCHOOL",NA
NA,5,40,"LT HIGH SCHOOL","NOT LEGAL"
12,0,40,"HIGH SCHOOL","NOT LEGAL"
4,0,15,"HIGH SCHOOL",NA
NA,NA,NA,"HIGH SCHOOL","LEGAL"
4,14,4,"LT HIGH SCHOOL",NA
3,0,46,"JUNIOR COLLEGE","NOT LEGAL"
NA,NA,NA,"LT HIGH SCHOOL",NA
NA,NA,NA,"HIGH SCHOOL","NOT LEGAL"
NA,NA,NA,"HIGH SCHOOL","NOT LEGAL"
NA,NA,NA,"HIGH SCHOOL",NA
0,3,40,"HIGH SCHOOL","NOT LEGAL"
6,0,70,"HIGH SCHOOL","NOT LEGAL"
1,2,40,"HIGH SCHOOL","NOT LEGAL"
NA,NA,NA,"HIGH SCHOOL","LEGAL"
NA,NA,NA,"HIGH SCHOOL",NA
NA,NA,NA,"JUNIOR COLLEGE","NOT LEGAL"
3,0,32,"LT HIGH SCHOOL","NOT LEGAL"
4,0,30,"HIGH SCHOOL","NOT LEGAL"
NA,NA,NA,"BACHELOR","NOT LEGAL"
2,1,60,"JUNIOR COLLEGE",NA
2,5,48,"HIGH SCHOOL","NOT LEGAL"
3,2,36,"HIGH SCHOOL","NOT LEGAL"
1,NA,82,"LT HIGH SCHOOL",NA
NA,NA,NA,"HIGH SCHOOL","NOT LEGAL"
NA,NA,NA,"LT HIGH SCHOOL",NA
6,0,32,"HIGH SCHOOL","LEGAL"
NA,NA,NA,"LT HIGH SCHOOL","NOT LEGAL"
NA,NA,NA,"LT HIGH SCHOOL","NOT LEGAL"
NA,NA,NA,"LT HIGH SCHOOL",NA
NA,NA,NA,"BACHELOR","LEGAL"
NA,NA,NA,"LT HIGH SCHOOL","NOT LEGAL"
2,1,67,"LT HIGH SCHOOL","LEGAL"
1,10,40,"JUNIOR COLLEGE","NOT LEGAL"
0,0,26,"HIGH SCHOOL",NA
NA,NA,NA,"HIGH SCHOOL","NOT LEGAL"
NA,NA,NA,"HIGH SCHOOL","NOT LEGAL"
NA,NA,NA,"HIGH SCHOOL",NA
3,0,40,"BACHELOR","NOT LEGAL"
NA,NA,NA,"HIGH SCHOOL","NOT LEGAL"
1,15,47,"HIGH SCHOOL","NOT LEGAL"
3,0,50,"HIGH SCHOOL",NA
NA,NA,NA,"HIGH SCHOOL",NA
NA,NA,NA,"HIGH SCHOOL","NOT LEGAL"
5,0,40,"LT HIGH SCHOOL",NA
NA,NA,NA,"HIGH SCHOOL","LEGAL"
2,0,40,"HIGH SCHOOL",NA
0,0,39,"LT HIGH SCHOOL","NOT LEGAL"
12,0,15,"HIGH SCHOOL","NOT LEGAL"
4,0,43,"HIGH SCHOOL","LEGAL"
5,0,50,"BACHELOR","LEGAL"
6,2,30,"HIGH SCHOOL","LEGAL"
NA,NA,NA,"HIGH SCHOOL","LEGAL"
NA,NA,NA,"BACHELOR","NOT LEGAL"
5,5,40,"HIGH SCHOOL",NA
2,0,50,"HIGH SCHOOL","LEGAL"
2,0,40,"GRADUATE",NA
2,3,40,"GRADUATE","LEGAL"
3,0,42,"HIGH SCHOOL",NA
NA,NA,NA,"LT HIGH SCHOOL","LEGAL"
NA,NA,NA,"HIGH SCHOOL","LEGAL"
NA,NA,24,"HIGH SCHOOL",NA
5,3,40,"BACHELOR","NOT LEGAL"
NA,NA,NA,"LT HIGH SCHOOL",NA
6,1,40,"BACHELOR","NOT LEGAL"
NA,NA,NA,"LT HIGH SCHOOL","LEGAL"
NA,NA,NA,"LT HIGH SCHOOL","NOT LEGAL"
NA,NA,NA,"LT HIGH SCHOOL","NOT LEGAL"
NA,NA,NA,"LT HIGH SCHOOL",NA
3,0,50,"HIGH SCHOOL","NOT LEGAL"
1,0,40,"HIGH SCHOOL","NOT LEGAL"
6,0,28,"HIGH SCHOOL","LEGAL"
2,3,40,"HIGH SCHOOL","LEGAL"
1,0,50,"HIGH SCHOOL","NOT LEGAL"
NA,NA,NA,"JUNIOR COLLEGE",NA
NA,NA,NA,"BACHELOR",NA
2,20,15,"BACHELOR",NA
2,0,40,"HIGH SCHOOL",NA
NA,NA,NA,"GRADUATE","NOT LEGAL"
NA,NA,NA,"HIGH SCHOOL","LEGAL"
NA,NA,NA,"BACHELOR","NOT LEGAL"
NA,NA,NA,"LT HIGH SCHOOL",NA
NA,NA,NA,"HIGH SCHOOL",NA
5,0,40,"BACHELOR","NOT LEGAL"
NA,NA,NA,"HIGH SCHOOL",NA
NA,NA,NA,"HIGH SCHOOL","LEGAL"
NA,NA,NA,"HIGH SCHOOL","NOT LEGAL"
NA,NA,NA,"LT HIGH SCHOOL","LEGAL"
NA,NA,NA,"HIGH SCHOOL","LEGAL"
NA,NA,NA,"LT HIGH SCHOOL","NOT LEGAL"
NA,NA,NA,"LT HIGH SCHOOL","LEGAL"
NA,NA,NA,"HIGH SCHOOL","LEGAL"
NA,NA,NA,"HIGH SCHOOL","LEGAL"
NA,NA,NA,"BACHELOR",NA
5,0,49,"HIGH SCHOOL","NOT LEGAL"
NA,NA,NA,"HIGH SCHOOL",NA
4,0,80,"LT HIGH SCHOOL",NA
5,7,48,"HIGH SCHOOL","LEGAL"
NA,NA,NA,"HIGH SCHOOL","NOT LEGAL"
0,0,42,"HIGH SCHOOL","NOT LEGAL"
NA,NA,NA,"HIGH SCHOOL",NA
3,4,35,"HIGH SCHOOL","NOT LEGAL"
NA,NA,NA,"BACHELOR",NA
0,0,40,"HIGH SCHOOL","NOT LEGAL"
3,4,80,"HIGH SCHOOL","NOT LEGAL"
4,0,56,"LT HIGH SCHOOL","NOT LEGAL"
3,2,30,"HIGH SCHOOL","NOT LEGAL"
NA,NA,NA,"LT HIGH SCHOOL",NA
0,0,60,"GRADUATE",NA
NA,NA,NA,"JUNIOR COLLEGE",NA
NA,NA,NA,"HIGH SCHOOL","LEGAL"
NA,NA,NA,"HIGH SCHOOL","LEGAL"
6,2,25,"JUNIOR COLLEGE",NA
5,0,40,"JUNIOR COLLEGE","LEGAL"
9,0,40,"HIGH SCHOOL","NOT LEGAL"
NA,NA,13,"JUNIOR COLLEGE",NA
2,3,36,"LT HIGH SCHOOL","LEGAL"
2,1,40,"HIGH SCHOOL",NA
NA,NA,NA,"HIGH SCHOOL","NOT LEGAL"
NA,NA,NA,"HIGH SCHOOL","NOT LEGAL"
13,0,65,"HIGH SCHOOL",NA
NA,NA,NA,"HIGH SCHOOL","LEGAL"
3,20,9,"HIGH SCHOOL",NA
3,0,40,"GRADUATE","NOT LEGAL"
NA,NA,NA,"HIGH SCHOOL","LEGAL"
3,0,70,"LT HIGH SCHOOL","LEGAL"
6,0,37,"JUNIOR COLLEGE","NOT LEGAL"
0,0,20,"JUNIOR COLLEGE","NOT LEGAL"
NA,NA,NA,"JUNIOR COLLEGE",NA
NA,NA,NA,"LT HIGH SCHOOL","NOT LEGAL"
2,0,32,"HIGH SCHOOL",NA
6,0,35,"HIGH SCHOOL",NA
NA,NA,NA,"LT HIGH SCHOOL",NA
NA,NA,NA,"HIGH SCHOOL","NOT LEGAL"
7,0,8,"HIGH SCHOOL",NA
NA,NA,NA,"LT HIGH SCHOOL","LEGAL"
1,0,80,"JUNIOR COLLEGE","NOT LEGAL"
4,1,40,"HIGH SCHOOL","LEGAL"
4,0,56,"HIGH SCHOOL","NOT LEGAL"
NA,NA,NA,"HIGH SCHOOL","LEGAL"
NA,NA,NA,"HIGH SCHOOL",NA
1,0,45,"JUNIOR COLLEGE","NOT LEGAL"
4,0,55,"LT HIGH SCHOOL","NOT LEGAL"
NA,NA,NA,"LT HIGH SCHOOL","NOT LEGAL"
2,25,30,"JUNIOR COLLEGE",NA
5,0,50,"BACHELOR","LEGAL"
7,0,25,"HIGH SCHOOL",NA
NA,NA,NA,"LT HIGH SCHOOL","NOT LEGAL"
5,0,70,"HIGH SCHOOL",NA
NA,NA,NA,"HIGH SCHOOL","LEGAL"
10,0,12,"HIGH SCHOOL","LEGAL"
3,2,10,"HIGH SCHOOL","NOT LEGAL"
NA,NA,NA,"LT HIGH SCHOOL","NOT LEGAL"
2,4,52,"LT HIGH SCHOOL","LEGAL"
3,4,50,"HIGH SCHOOL",NA
4,0,80,"HIGH SCHOOL","NOT LEGAL"
3,0,55,"BACHELOR",NA
8,0,55,"GRADUATE","NOT LEGAL"
10,30,70,"LT HIGH SCHOOL","LEGAL"
6,4,40,"HIGH SCHOOL",NA
NA,NA,NA,"HIGH SCHOOL","NOT LEGAL"
4,30,9,"HIGH SCHOOL",NA
8,0,40,"HIGH SCHOOL","LEGAL"
3,5,40,"HIGH SCHOOL","LEGAL"
5,0,40,"BACHELOR",NA
NA,NA,NA,"HIGH SCHOOL","NOT LEGAL"
NA,NA,NA,"BACHELOR","NOT LEGAL"
4,0,50,"JUNIOR COLLEGE",NA
0,0,40,"JUNIOR COLLEGE","NOT LEGAL"
8,0,9,"HIGH SCHOOL","LEGAL"
NA,NA,NA,"LT HIGH SCHOOL",NA
2,15,45,"GRADUATE","NOT LEGAL"
2,0,24,"HIGH SCHOOL","LEGAL"
2,0,36,"JUNIOR COLLEGE","NOT LEGAL"
NA,30,9,"LT HIGH SCHOOL",NA
NA,NA,NA,"HIGH SCHOOL","LEGAL"
4,0,30,"HIGH SCHOOL","NOT LEGAL"
NA,NA,NA,"JUNIOR COLLEGE",NA
NA,NA,NA,"HIGH SCHOOL",NA
4,0,70,"BACHELOR","LEGAL"
4,0,4,"LT HIGH SCHOOL","NOT LEGAL"
0,0,70,"LT HIGH SCHOOL","NOT LEGAL"
NA,NA,NA,"HIGH SCHOOL","LEGAL"
0,0,52,"HIGH SCHOOL","NOT LEGAL"
3,0,37,"HIGH SCHOOL","NOT LEGAL"
5,0,18,"BACHELOR",NA
3,5,60,"JUNIOR COLLEGE","NOT LEGAL"
2,3,45,"HIGH SCHOOL","LEGAL"
NA,NA,NA,"HIGH SCHOOL",NA
NA,NA,NA,"LT HIGH SCHOOL","LEGAL"
NA,NA,NA,"HIGH SCHOOL","LEGAL"
6,0,22,"HIGH SCHOOL",NA
2,0,40,"GRADUATE","NOT LEGAL"
4,0,40,"HIGH SCHOOL","LEGAL"
NA,NA,NA,"HIGH SCHOOL",NA
6,2,9,"LT HIGH SCHOOL","LEGAL"
3,0,35,"LT HIGH SCHOOL",NA
4,0,45,"HIGH SCHOOL","LEGAL"
NA,NA,NA,"JUNIOR COLLEGE","LEGAL"
NA,NA,NA,"HIGH SCHOOL",NA
NA,NA,NA,"LT HIGH SCHOOL","NOT LEGAL"
3,15,50,"HIGH SCHOOL","NOT LEGAL"
NA,NA,NA,"LT HIGH SCHOOL",NA
14,0,89,"JUNIOR COLLEGE",NA
2,1,55,"LT HIGH SCHOOL","NOT LEGAL"
4,0,50,"HIGH SCHOOL","NOT LEGAL"
NA,NA,NA,"HIGH SCHOOL","NOT LEGAL"
1,0,40,"HIGH SCHOOL",NA
6,10,20,"HIGH SCHOOL","NOT LEGAL"
3,0,60,"JUNIOR COLLEGE","NOT LEGAL"
NA,NA,NA,"HIGH SCHOOL",NA
2,0,80,"HIGH SCHOOL",NA
5,0,35,"HIGH SCHOOL","LEGAL"
4,0,35,"LT HIGH SCHOOL",NA
NA,NA,NA,"HIGH SCHOOL","NOT LEGAL"
4,0,50,"BACHELOR","LEGAL"
NA,NA,NA,"JUNIOR COLLEGE",NA
NA,NA,NA,"HIGH SCHOOL","LEGAL"
NA,NA,NA,"HIGH SCHOOL",NA
12,0,84,"HIGH SCHOOL","LEGAL"
1,4,16,"BACHELOR","NOT LEGAL"
1,10,NA,"HIGH SCHOOL",NA
NA,NA,NA,"HIGH SCHOOL","NOT LEGAL"
NA,NA,NA,"GRADUATE","NOT LEGAL"
NA,NA,NA,"HIGH SCHOOL","NOT LEGAL"
2,0,60,"HIGH SCHOOL","LEGAL"
4,4,32,"BACHELOR",NA
NA,NA,NA,"HIGH SCHOOL","NOT LEGAL"
NA,NA,NA,"HIGH SCHOOL","LEGAL"
NA,NA,NA,"HIGH SCHOOL","NOT LEGAL"
NA,NA,NA,"HIGH SCHOOL","NOT LEGAL"
NA,NA,NA,"HIGH SCHOOL","NOT LEGAL"
3,0,33,"LT HIGH SCHOOL",NA
4,26,60,"HIGH SCHOOL","LEGAL"
NA,NA,NA,"HIGH SCHOOL",NA
NA,NA,NA,"HIGH SCHOOL","NOT LEGAL"
NA,NA,NA,"HIGH SCHOOL","LEGAL"
NA,NA,NA,"HIGH SCHOOL",NA
NA,NA,NA,"LT HIGH SCHOOL","NOT LEGAL"
NA,NA,NA,"HIGH SCHOOL","NOT LEGAL"
NA,NA,NA,"HIGH SCHOOL","NOT LEGAL"
4,0,40,"BACHELOR",NA
6,10,40,"BACHELOR",NA
6,0,40,"BACHELOR","NOT LEGAL"
6,2,40,"HIGH SCHOOL","NOT LEGAL"
NA,NA,NA,"GRADUATE",NA
NA,NA,NA,"BACHELOR","NOT LEGAL"
NA,NA,NA,"HIGH SCHOOL",NA
NA,NA,NA,"BACHELOR","LEGAL"
NA,NA,NA,"GRADUATE",NA
NA,NA,NA,"BACHELOR","LEGAL"
3,1,40,"BACHELOR","LEGAL"
NA,NA,NA,"GRADUATE","LEGAL"
4,2,46,"JUNIOR COLLEGE",NA
6,2,40,"GRADUATE","LEGAL"
7,0,25,"LT HIGH SCHOOL",NA
NA,NA,NA,"LT HIGH SCHOOL","LEGAL"
4,0,40,"HIGH SCHOOL","NOT LEGAL"
0,NA,50,"JUNIOR COLLEGE",NA
NA,NA,NA,"HIGH SCHOOL","NOT LEGAL"
NA,NA,NA,"HIGH SCHOOL",NA
4,3,40,"LT HIGH SCHOOL","NOT LEGAL"
2,0,43,"LT HIGH SCHOOL",NA
NA,NA,NA,"HIGH SCHOOL","LEGAL"
2,15,35,"HIGH SCHOOL","NOT LEGAL"
6,5,24,"LT HIGH SCHOOL",NA
6,5,16,"BACHELOR","LEGAL"
4,5,50,"LT HIGH SCHOOL","NOT LEGAL"
NA,NA,NA,"HIGH SCHOOL",NA
NA,NA,NA,"JUNIOR COLLEGE",NA
8,3,20,"HIGH SCHOOL",NA
7,0,50,"LT HIGH SCHOOL",NA
5,0,10,"BACHELOR","LEGAL"
5,2,40,"HIGH SCHOOL","NOT LEGAL"
NA,0,38,"HIGH SCHOOL",NA
NA,NA,NA,"HIGH SCHOOL","LEGAL"
NA,NA,40,"HIGH SCHOOL","LEGAL"
6,0,38,"LT HIGH SCHOOL","NOT LEGAL"
NA,NA,NA,"HIGH SCHOOL","NOT LEGAL"
NA,NA,NA,"BACHELOR",NA
NA,NA,NA,"HIGH SCHOOL","NOT LEGAL"
3,0,40,"HIGH SCHOOL","LEGAL"
5,1,49,"BACHELOR","LEGAL"
6,0,40,"HIGH SCHOOL","LEGAL"
